Source,Target,Weight
临汾市教育局,项目-商品和服务支出,154.6739628
财政拨款,临汾市新型农村合作医疗管理中心,150.486565
临汾市新型农村合作医疗管理中心,其它支出,150.4249766
财政拨款,临汾市民政局机关（行政),149.7922732
临汾市民政局机关（行政),项目-对个人和家庭的补助,149.5060025
财政拨款,临汾市教育局,147.8575629
政府性基金收入拨款,临汾市教育局,146.2623909
财政拨款,临汾市卫生局,146.0702712
财政拨款,临汾市人口和计划生育委员会,145.9082411
政府性基金收入拨款,临汾市住建局,145.9024598
财政拨款,临汾市环境卫生管理局,144.8000418
财政拨款,临汾市公安局,144.7843883
财政拨款,临汾市交通运输局,143.1612696
财政拨款,临汾职业技术学院,143.0035683
财政专户管理的非税收入拨款,临汾职业技术学院,142.1851137
财政拨款,山西师范大学临汾学院,141.9681503
财政拨款,临汾市公安局直属分局,141.7572667
政府性基金收入拨款,临汾市住房委员会办公室,140.3422818
财政拨款,山西省临汾第一中学校,139.8206092
临汾市医疗保险基金管理中心,项目-对个人和家庭的补助,139.2538919
临汾市粮食局,项目-商品和服务支出,139.157845
财政拨款,临汾市人力资源和社会保障局机关（行政）,138.8425004
临汾市人口和计划生育委员会,项目-对个人和家庭的补助,138.6204212
临汾市环境保护局机关,项目-商品和服务支出,138.5030636
临汾市公安局,基本-工资福利支出,138.4376397
临汾职业技术学院,基本-工资福利支出,138.3405977
临汾市卫生局,基本-工资福利支出,138.3307472
政府性基金收入拨款,临汾市粮食局,138.2832178
临汾市交通运输局,项目-工资福利支出,137.8509696
财政拨款,临汾市三中,136.9540712
专项收入拨款,临汾市环境保护局机关,136.7985694
临汾市住建局,其它资本性支出,136.7737212
财政拨款,临汾市科学技术局,136.6396644
山西师范大学临汾学院,基本-工资福利支出,136.3426319
临汾市住建局,其它支出,135.9548275
山西省临汾第一中学校,基本-工资福利支出,135.9215126
财政拨款,临汾市医疗保险基金管理中心,135.7969801
财政拨款,临汾市农业委员会,135.7876274
临汾市公安局直属分局,基本-工资福利支出,135.6687117
临汾市环境卫生管理局,项目-工资福利支出,135.5501402
临汾市三中,项目-商品和服务支出,135.5189841
财政专户管理的非税收入拨款,临汾市三中,135.1827636
临汾市水利局,项目-商品和服务支出,135.1768341
政府性基金收入拨款,临汾市民政局机关（行政),134.8264764
临汾市人口和计划生育委员会,项目-商品和服务支出,134.7262234
财政专户管理的非税收入拨款,山西师范大学临汾学院,134.5741919
财政拨款,临汾市人民检察院,134.3373117
临汾市科学技术局,其它支出,134.0990563
山西省临汾第一中学校,项目-商品和服务支出,133.9862138
财政专户管理的非税收入拨款,山西省临汾第一中学校,133.9828584
罚没收入拨款,临汾市煤炭工业局,133.8505522
财政拨款,临汾市水利局,133.3105993
罚没收入拨款,临汾市公安局交通警察支队,133.1508495
临汾市民政局机关（行政),其它资本性支出,133.1508495
财政拨款,临汾市畜牧兽医局,133.1171857
临汾市住房委员会办公室,其它资本性支出,132.5786459
临汾市卫生局,其它支出,132.437248
财政拨款,临汾市公安局交通警察支队,132.3543838
临汾市国土资源局,项目-商品和服务支出,132.075825
临汾市三中,基本-工资福利支出,132.0329903
山西师范大学临汾学院,项目-商品和服务支出,131.9708359
财政拨款,临汾市文化广电新闻出版局,131.9108351
临汾市人力资源和社会保障局机关（行政）,项目-对个人和家庭的补助,131.7734017
专项收入拨款,临汾市水利局,131.4767756
临汾职业技术学院,项目-工资福利支出,131.1813971
临汾市环境卫生管理局,项目-商品和服务支出,131.1127482
财政拨款,临汾市住建局,131.037886
财政拨款,临汾市中级人民法院,130.7976114
财政拨款,临汾市人大常委会,130.3853256
政府性基金收入拨款,临汾市路灯管理所,130.2309406
临汾市路灯管理所,其它资本性支出,130.2309406
财政拨款,临汾市农村养老保险管理服务中心,130.2265734
财政拨款,临汾市第一小学,129.9266168
临汾市公安局交通警察支队,基本-工资福利支出,129.8027201
财政专户管理的非税收入拨款,临汾市福利彩票发行中心（综合）,129.5779302
临汾市农村养老保险管理服务中心,项目-对个人和家庭的补助,129.5185965
山西师范大学临汾学院,基本-对个人和家庭的补助,129.4542869
临汾市公安局交通警察支队,项目-工资福利支出,129.3894171
财政拨款,临汾市纪律检查委员会,129.2062035
财政拨款,临汾市实验中学,129.1534929
临汾市安全生产监督管理局,项目-商品和服务支出,129.0651377
财政拨款,临汾市人民政府机关事务管理局,128.9871776
财政拨款,临汾市人民政府机关事务管理局,128.9871776
专项收入拨款,临汾市国土资源局,128.9515286
临汾市煤炭工业局,项目-工资福利支出,128.8561669
财政拨款,临汾市统计局,128.7531494
财政拨款,临汾市安全生产监督管理局,128.5253755
临汾职业技术学院,基本-对个人和家庭的补助,128.2842215
财政拨款,临汾市市容监察支队,127.5198066
临汾市园林事业局,项目-商品和服务支出,127.3747275
临汾市人民检察院,基本-工资福利支出,127.3744895
预算管理的行政事业性收费收入拨款,临汾市中级人民法院,127.2410499
财政拨款,临汾市妇幼保健院,127.2365953
政府性基金收入拨款,临汾市医疗保险基金管理中心,127.1948554
临汾职业技术学院,其它资本性支出,127.1948554
财政拨款,临汾市体育学校,126.8768995
政府性基金收入拨款,临汾市园林事业局,126.7716958
临汾市公安局,项目-商品和服务支出,126.649191
临汾市中级人民法院,基本-工资福利支出,126.5558128
临汾市农业委员会,基本-工资福利支出,126.5368926
财政拨款,临汾市人民政府办公厅,126.4478852
财政拨款,临汾市企业养老保险管理服务中心,126.2796956
财政拨款,临汾电视台,126.1297133
财政拨款,临汾高级技工学校,126.0906812
财政拨款,临汾市委党校,126.0756438
临汾市实验中学,基本-工资福利支出,125.822547
临汾市第一小学,基本-工资福利支出,125.5711505
政府性基金收入拨款,临汾市国土资源局,125.3439883
临汾市畜牧兽医局,项目-商品和服务支出,125.3326327
临汾市体育学校,基本-工资福利支出,125.3041947
财政拨款,临汾市农机局,125.0059629
临汾市环境监测站,项目-商品和服务支出,125.0056707
临汾市市容监察支队,基本-工资福利支出,124.8880508
临汾市水利局,基本-工资福利支出,124.8536105
临汾市住房委员会办公室,基本-工资福利支出,124.825895
临汾市企业养老保险管理服务中心,项目-对个人和家庭的补助,124.7545968
财政拨款,临汾市城区土地管理办公室,124.7368154
临汾市中级人民法院,项目-商品和服务支出,124.7053694
临汾职业技术学院,债务还本支出,124.4979394
临汾市公安局,基本-对个人和家庭的补助,124.3287729
财政拨款,临汾市特殊教育学校,124.1715472
专项收入拨款,临汾电视台,124.0146975
财政拨款,临汾日报社,123.8951627
临汾市住建局,基本-工资福利支出,123.8456755
财政拨款,临汾市委办公厅和临汾市委办公厅档案室,123.8219043
财政拨款,临汾市委机关事务管理局,123.8206092
财政拨款,临汾人民警察学校,123.7941903
临汾市文化广电新闻出版局,项目-商品和服务支出,123.6482063
财政拨款,临汾市文化艺术学校,123.5591252
财政拨款,临汾市疾病预防控制中心,123.5119977
临汾市环境卫生管理局,基本-工资福利支出,123.3389385
临汾市住建局,项目-工资福利支出,123.2751275
临汾市三中,基本-对个人和家庭的补助,122.9735163
财政拨款,临汾市国际资金管理局,122.9241056
山西省临汾第一中学校,基本-对个人和家庭的补助,122.8785235
临汾市教育局,基本-工资福利支出,122.8653413
财政拨款,临汾市商务局机关,122.8032708
临汾市城区土地管理办公室,基本-工资福利支出,122.7559652
临汾电视台,基本-工资福利支出,122.6865169
临汾市住房委员会办公室,项目-商品和服务支出,122.2898744
财政拨款,临汾市第二小学,122.2320553
财政拨款,临汾市粮食局,122.2153228
临汾市农业委员会,项目-商品和服务支出,121.9072379
临汾市人大常委会,项目-商品和服务支出,121.6561146
临汾市统计局,基本-工资福利支出,121.6506452
政府性基金收入拨款,临汾市机关养老保险事管理中心,121.4392727
临汾市机关养老保险事管理中心,项目-工资福利支出,121.4392727
临汾市公安局直属分局,项目-商品和服务支出,121.2587755
财政拨款,临汾市司法局,121.1599165
财政拨款,临汾市发展和改革委员会,120.9911088
临汾人民警察学校,基本-工资福利支出,120.8715405
临汾市人力资源和社会保障局机关（行政）,项目-商品和服务支出,120.7947825
预算管理的行政事业性收费收入拨款,临汾市环境监测站,120.5287135
临汾市住建局,基本-对个人和家庭的补助,120.4600354
临汾市福利彩票发行中心（综合）,其它资本性支出,120.3987884
财政拨款,临汾市气象局,120.1533896
临汾市农业综合开发办公室,项目-商品和服务支出,120.0225201
临汾市农业委员会,基本-对个人和家庭的补助,119.9925587
临汾市特殊教育学校,基本-工资福利支出,119.9094775
临汾市交通运输局,项目-商品和服务支出,119.8577884
临汾高级技工学校,基本-工资福利支出,119.6767704
财政拨款,临汾市国土资源局,119.661692
财政拨款,临汾市公安局东城分局,119.4614976
临汾市交通运输局,其它支出,119.3509059
临汾市纪律检查委员会,基本-工资福利支出,119.2216538
政府性基金收入拨款,临汾市土地收购储备中心,119.1633905
临汾市土地收购储备中心,项目-商品和服务支出,119.1633905
临汾市畜牧兽医局,基本-工资福利支出,119.1556321
预算管理的行政事业性收费收入拨款,临汾市教育局,119.0317641
临汾日报社,基本-工资福利支出,119.0177822
财政拨款,临汾市幼儿园,119.002063
临汾市人民政府办公厅,基本-工资福利支出,118.9293294
临汾市国土资源局,其它资本性支出,118.8214844
临汾市第二小学,基本-工资福利支出,118.7000143
财政拨款,临汾市煤炭工业局,118.6995097
罚没收入拨款,临汾市中级人民法院,118.6377819
财政拨款,临汾市房屋征收与补偿办公室,118.5803117
临汾市煤炭工业局,项目-对企事业单位的补助,118.5102495
临汾市委党校,基本-工资福利支出,118.4609002
临汾职业技术学院,债务利息支出,118.2508777
临汾市水利局,基本-对个人和家庭的补助,118.1359409
临汾电视台,项目-商品和服务支出,118.1189727
临汾市文化艺术学校,基本-工资福利支出,117.8260854
政府性基金收入拨款,临汾市农业综合开发办公室,117.7139641
财政拨款,临汾市城市绿化一队,117.536739
临汾市妇幼保健院,基本-工资福利支出,117.4864002
临汾市人民政府机关事务管理局,项目-商品和服务支出,117.2799671
临汾市人民政府机关事务管理局,项目-商品和服务支出,117.2799671
财政拨款,临汾市环境监测站,117.2413833
临汾市中级人民法院,基本-对个人和家庭的补助,117.188874
财政拨款,临汾市环境监察支队,117.1664201
财政拨款,临汾市食品药品监督管理局,117.092127
临汾市公安局直属分局,项目-工资福利支出,117.034853
临汾市人民检察院,项目-商品和服务支出,116.947084
临汾市人民检察院,基本-对个人和家庭的补助,116.8476876
临汾市人民政府机关事务管理局,基本-工资福利支出,116.7058193
临汾市人民政府机关事务管理局,基本-工资福利支出,116.7058193
财政拨款,临汾市蒲剧艺术研究中心,116.6664677
临汾市人力资源和社会保障局机关（行政）,基本-工资福利支出,116.5691669
财政专户管理的非税收入拨款,临汾市实验中学,116.5588449
临汾市煤炭工业局,项目-商品和服务支出,116.5034341
临汾市人大常委会,基本-工资福利支出,116.4173563
山西师范大学临汾学院,其它资本性支出,116.1884956
临汾市文化广电新闻出版局,基本-工资福利支出,116.1611776
财政拨款,临汾蒲剧院,116.0398228
临汾市疾病预防控制中心,基本-工资福利支出,115.9274486
临汾市委机关事务管理局,基本-工资福利支出,115.8579462
临汾市房屋征收与补偿办公室,基本-工资福利支出,115.6202364
临汾市实验中学,其它资本性支出,115.6096889
罚没收入拨款,临汾市环境保护局机关,115.5859218
财政拨款,临汾市第五小学,115.4853621
财政拨款,临汾市群众艺术馆,115.4151496
临汾市纪律检查委员会,项目-商品和服务支出,115.2751275
临汾市福利彩票发行中心（综合）,项目-商品和服务支出,115.2581421
财政拨款,临汾市城市客运管理处,115.2336392
临汾市公安局直属分局,基本-对个人和家庭的补助,115.1416305
临汾市国土资源局,基本-工资福利支出,115.1351039
临汾市文化广电新闻出版局,基本-对个人和家庭的补助,115.1182551
财政拨款,临汾市失业保险管理中心,114.9992725
临汾市统计局,项目-商品和服务支出,114.9305777
临汾市公安局东城分局,基本-工资福利支出,114.8674514
财政拨款,临汾市社会福利院,114.8255276
临汾市农机局,基本-工资福利支出,114.8015025
财政拨款,临汾市眉户剧艺术研究中心,114.6358594
财政拨款,临汾市卫生局卫生监督所,114.6150308
临汾市环境监察支队,基本-工资福利支出,114.6117954
财政拨款,临汾广播电视大学,114.5876812
临汾电视台,其它资本性支出,114.5754248
财政拨款,临汾市信息中心,114.5523185
财政拨款,临汾市旅游局机关,114.5063297
财政拨款,临汾市委统战部,114.4079449
财政拨款,临汾市第二人民医院（卫校附属医院）,114.356966
临汾市卫生局,基本-对个人和家庭的补助,114.3094524
临汾市委党校,基本-对个人和家庭的补助,114.1698365
临汾高级技工学校,基本-对个人和家庭的补助,114.0084503
临汾市商务局机关,基本-工资福利支出,113.9267122
临汾市幼儿园,基本-工资福利支出,113.8432383
临汾市中级人民法院,项目-工资福利支出,113.8305495
临汾市第一小学,基本-对个人和家庭的补助,113.789311
财政拨款,临汾市科学技术协会,113.7168844
临汾市公安局交通警察支队,基本-对个人和家庭的补助,113.6834226
临汾市环境卫生管理局,基本-对个人和家庭的补助,113.6568957
临汾市卫生局,项目-对个人和家庭的补助,113.6365692
罚没收入拨款,临汾市安全生产监督管理局,113.5973788
财政拨款,临汾市中小企业局,113.5197822
财政拨款,临汾市供销合作社,113.5174106
财政拨款,临汾市环境保护局机关,113.3770195
临汾市气象局,项目-商品和服务支出,113.2789707
临汾市国际资金管理局,债务利息支出,113.2789707
财政专户管理的非税收入拨款,临汾广播电视大学,113.0342641
临汾市城市客运管理处,基本-工资福利支出,112.8627581
财政拨款,临汾市粮食学校,112.8027757
临汾市委办公厅和临汾市委办公厅档案室,基本-工资福利支出,112.7770936
临汾市畜牧兽医局,基本-对个人和家庭的补助,112.7445935
临汾市公安局交通警察支队,基本-商品和服务支持,112.7179342
临汾市司法局,基本-工资福利支出,112.6286225
临汾市环境监测站,基本-工资福利支出,112.6200805
临汾市教育局,基本-对个人和家庭的补助,112.5965573
临汾市国际资金管理局,项目-商品和服务支出,112.4855675
临汾市商务局机关,基本-对个人和家庭的补助,112.3717539
财政拨款,临汾市体育局机关（行政）,112.3038892
财政拨款,临汾市食品药品检验所,112.2205944
临汾市人力资源和社会保障局机关（行政）,基本-对个人和家庭的补助,112.2042175
罚没收入拨款,临汾市安全生产监察执法支队,112.1549466
政府性基金收入拨款,临汾市城区土地管理办公室,112
专项收入拨款,临汾市环境监测站,111.9094775
临汾市城市绿化一队,基本-工资福利支出,111.8571037
临汾市发展和改革委员会,基本-工资福利支出,111.825565
财政拨款,临汾市丁村民俗博物馆,111.7980698
财政拨款,临汾市档案局(馆),111.6781612
财政拨款,临汾市委市政府信访局,111.4756602
临汾市文化艺术学校,基本-对个人和家庭的补助,111.3384992
临汾市第二人民医院（卫校附属医院）,基本-工资福利支出,111.2551248
临汾市妇幼保健院,项目-工资福利支出,111.2551248
临汾市第五小学,基本-工资福利支出,111.2387626
财政拨款,临汾市文物局,111.142528
预算管理的行政事业性收费收入拨款,临汾市水利局,111.0694552
临汾市民政局机关（行政),项目-商品和服务支出,110.863848
临汾市人民政府机关事务管理局,基本-对个人和家庭的补助,110.8454265
临汾市人民政府机关事务管理局,基本-对个人和家庭的补助,110.8454265
财政拨款,临汾市小梅花蒲剧艺术培训中心,110.8404426
临汾市食品药品监督管理局,基本-工资福利支出,110.812993
临汾市农机局,项目-商品和服务支出,110.7889835
临汾市粮食局,基本-对个人和家庭的补助,110.6098454
政府性基金收入拨款,临汾市平阳广场管理处,110.5281891
临汾市人民政府办公厅,项目-商品和服务支出,110.5102495
预算管理的行政事业性收费收入拨款,临汾市市容监察支队,110.4948505
临汾市中级人民法院,基本-商品和服务支持,110.4650207
财政拨款,临汾市人力资源社会保障信息中心,110.424266
临汾市人口和计划生育委员会,基本-工资福利支出,110.3999511
财政拨款,临汾市农业干部学校,110.354807
财政拨款,临汾市招商局,110.2912026
财政拨款,临汾市城镇集体工业联合社,110.2838813
专项收入拨款,临汾市测绘管理处,110.2508777
政府性基金收入拨款,临汾市企业养老保险管理服务中心,110.2508777
临汾市测绘管理处,其它资本性支出,110.2508777
临汾市交通运输局,基本-对个人和家庭的补助,110.233027
临汾市蒲剧艺术研究中心,基本-工资福利支出,110.1655754
临汾市食品药品监督管理局,项目-商品和服务支出,110.1454746
临汾市实验中学,基本-对个人和家庭的补助,110.1348812
财政拨款,临汾市博物馆,110.0950689
临汾市信息中心,基本-工资福利支出,109.9957378
临汾市卫生局,项目-商品和服务支出,109.9855428
财政拨款,临汾市农业综合开发办公室,109.8451196
临汾市卫生局卫生监督所,基本-工资福利支出,109.8179182
临汾市发展和改革委员会,基本-对个人和家庭的补助,109.8119253
临汾市眉户剧艺术研究中心,基本-工资福利支出,109.7222052
临汾市公安局,基本-商品和服务支持,109.6550068
临汾广播电视大学,基本-工资福利支出,109.640082
临汾市企业养老保险管理服务中心,基本-工资福利支出,109.5651672
临汾市委机关事务管理局,项目-商品和服务支出,109.3351887
临汾市气象局,基本-工资福利支出,109.1733336
临汾市疾病预防控制中心,基本-对个人和家庭的补助,109.1698774
临汾市市容监察支队,基本-对个人和家庭的补助,109.1669964
预算管理的行政事业性收费收入拨款,临汾市人事考试中心,109.1508495
罚没收入拨款,临汾市城建执法监察支队,109.1508495
财政专户管理的非税收入拨款,临汾高级技工学校,109.1508495
临汾市人事考试中心,其它支出,109.1508495
临汾职业技术学院,基本-商品和服务支持,109.0779077
临汾市科学技术局,基本-工资福利支出,109.0744227
政府性基金收入拨款,临汾市市政设施管理处,109.0680309
临汾市人力资源社会保障信息中心,项目-商品和服务支出,109.034853
临汾市农机局,基本-对个人和家庭的补助,108.9605853
政府性基金收入拨款,临汾市市政公用局,108.78978
临汾市市政公用局,其它资本性支出,108.78978
临汾市市容监察支队,项目-商品和服务支出,108.7891846
临汾市委机关事务管理局,基本-对个人和家庭的补助,108.7408523
临汾市人大常委会,基本-对个人和家庭的补助,108.7246964
临汾市安全生产监督管理局,基本-工资福利支出,108.6833062
财政专户管理的非税收入拨款,临汾人民警察学校,108.3936567
临汾市旅游局机关,基本-工资福利支出,108.170919
临汾市工伤保险管理中心,其它支出,108.1255987
临汾市群众艺术馆,基本-工资福利支出,108.0414111
财政拨款,临汾市市政公用局,108.0375987
财政拨款,临汾市财经学校,108.0096021
临汾市粮食局,基本-工资福利支出,107.9700369
财政拨款,临汾市园林事业局,107.9693976
罚没收入拨款,临汾市公安局直属分局,107.9348248
罚没收入拨款,临汾市住建局,107.9348248
财政专户管理的非税收入拨款,临汾市幼儿园,107.9348248
临汾市福利彩票发行中心（综合）,项目-对个人和家庭的补助,107.9348248
临汾市环境保护局机关,基本-工资福利支出,107.9219937
财政拨款,临汾市工伤保险管理中心,107.8414746
临汾市纪律检查委员会,基本-对个人和家庭的补助,107.7876979
财政拨款,临汾市城乡居民最低生活保障中心,107.7460597
临汾广播电视大学,项目-商品和服务支出,107.7408444
临汾市小梅花蒲剧艺术培训中心,基本-工资福利支出,107.6524781
临汾市失业保险管理中心,基本-工资福利支出,107.6248478
临汾市招商局,项目-商品和服务支出,107.4770258
临汾市公安局交通警察支队,项目-商品和服务支出,107.448303
财政拨款,临汾市机构编制委员会办公室,107.4087759
临汾蒲剧院,基本-工资福利支出,107.3617031
临汾市疾病预防控制中心,项目-商品和服务支出,107.3428201
财政拨款,临汾市直属机关工作委员会,107.3218778
临汾电视台,基本-对个人和家庭的补助,107.2669776
财政拨款,临汾市国土资源执法监察支队,107.2622209
临汾市人民政府办公厅,基本-对个人和家庭的补助,107.2056695
临汾市委办公厅和临汾市委办公厅档案室,基本-对个人和家庭的补助,107.129605
财政拨款,临汾市妇女联合会,107.1289174
临汾市丁村民俗博物馆,基本-工资福利支出,107.0003155
临汾市蒲剧艺术研究中心,基本-对个人和家庭的补助,106.9431616
临汾市委办公厅和临汾市委办公厅档案室,项目-商品和服务支出,106.9305777
财政拨款,临汾市第二幼儿园,106.7422867
临汾市农业干部学校,基本-工资福利支出,106.7159499
临汾市司法局,基本-对个人和家庭的补助,106.6952655
临汾市住建局,项目-商品和服务支出,106.6831228
山西师范大学临汾学院,基本-商品和服务支持,106.6545015
临汾日报社,基本-对个人和家庭的补助,106.6236541
山西省临汾第一中学校,基本-商品和服务支持,106.5747034
临汾市妇幼保健院,基本-对个人和家庭的补助,106.5450883
临汾人民警察学校,基本-对个人和家庭的补助,106.511771
临汾市医疗保险基金管理中心,项目-商品和服务支出,106.2089952
临汾市科学技术局,基本-对个人和家庭的补助,106.1948388
国有资源有偿使用收入,临汾市房地产管理局(行政性收费),106.138039
财政拨款,临汾市路灯管理所,106.0545758
财政拨款,临汾市城市绿化二队,105.7463746
临汾市供销合作社,基本-对个人和家庭的补助,105.6240427
临汾市粮食学校,基本-工资福利支出,105.569079
临汾市安全生产监察执法支队,项目-工资福利支出,105.5549031
临汾市公安局直属分局,基本-商品和服务支持,105.4782095
临汾市食品药品检验所,基本-工资福利支出,105.33051
临汾市民政局机关（行政),基本-工资福利支出,105.2498784
临汾市国土资源执法监察支队,基本-工资福利支出,105.2401646
临汾市卫生局,项目-工资福利支出,105.2320636
临汾市城区土地管理办公室,项目-商品和服务支出,105.197977
临汾市国土资源局,基本-对个人和家庭的补助,105.076232
临汾高级技工学校,其它资本性支出,105.0342641
财政拨款,临汾市文学艺术界联合会,105.0309661
临汾市房地产管理局(行政性收费),基本-工资福利支出,105.0276671
临汾市特殊教育学校,基本-对个人和家庭的补助,105.0177644
临汾市城市绿化一队,基本-对个人和家庭的补助,105.0070269
临汾市幼儿园,基本-对个人和家庭的补助,105.0004143
临汾市国土资源执法监察支队,项目-商品和服务支出,104.9515286
临汾市交通运输局,基本-工资福利支出,104.8698682
临汾市交通运输局,其它资本性支出,104.8681957
临汾蒲剧院,基本-对个人和家庭的补助,104.7319062
临汾市人口和计划生育委员会,基本-对个人和家庭的补助,104.7242872
临汾市委统战部,项目-商品和服务支出,104.6997027
预算管理的行政事业性收费收入拨款,临汾市房地产管理局(行政性收费),104.6759162
财政拨款,临汾市市直机关汽修所,104.6529327
临汾市平阳广场管理处,项目-工资福利支出,104.6444086
财政拨款,临汾市引沁入汾工程建设管理局,104.5485067
临汾市市政设施管理处,项目-工资福利支出,104.4916176
财政拨款,中共临汾市委讲师团,104.3420301
临汾市供销合作社,基本-工资福利支出,104.3245097
临汾市群众艺术馆,基本-对个人和家庭的补助,104.0566668
临汾市中小企业局,基本-对个人和家庭的补助,103.9439597
财政拨款,临汾市扶贫开发办公室,103.8730688
临汾市城市客运管理处,其它支出,103.8548212
财政拨款,临汾市农业机械科学研究所,103.7603868
临汾市科学技术协会,基本-工资福利支出,103.7318129
财政拨款,临汾市政府采购中心,103.73089
专项收入拨款,临汾市国土资源执法监察支队,103.6335705
临汾市民政局机关（行政),基本-对个人和家庭的补助,103.6251905
财政拨款,临汾市委政策研究室,103.521334
财政拨款,临汾市民族宗教事务局,103.3994499
临汾市城建执法监察支队,基本-工资福利支出,103.3632993
临汾市委市政府信访局,基本-工资福利支出,103.3623464
财政拨款,临汾市文化市场行政综合执法大队,103.3575809
政府性基金收入拨款,临汾市节水办(行政性收费),103.3384992
临汾市节水办(行政性收费),项目-工资福利支出,103.3384992
国有资源有偿使用收入,临汾日报社,103.2551248
临汾市公安局直属分局,其它资本性支出,103.2551248
临汾市中级人民法院,其它资本性支出,103.2551248
财政拨款,共青团临汾市委员会,103.2262347
临汾市房地产管理局(行政性收费),基本-对个人和家庭的补助,103.2185185
财政拨款,临汾市委党史研究室,103.1837315
临汾市城市绿化二队,基本-工资福利支出,103.1827636
临汾市煤炭工业局,基本-工资福利支出,103.1595119
临汾市中小企业局,基本-工资福利支出,103.1430136
临汾市扶贫开发办公室,项目-商品和服务支出,103.0611444
临汾市城镇集体工业联合社,基本-对个人和家庭的补助,103.0082059
临汾市博物馆,基本-工资福利支出,102.9668629
临汾市环境监测站,基本-对个人和家庭的补助,102.953049
临汾市市政公用局,基本-工资福利支出,102.9025864
政府性基金收入拨款,临汾市墙体材料建筑节能与推广管理中心,102.863848
临汾市墙体材料建筑节能与推广管理中心,项目-商品和服务支出,102.863848
临汾市粮食学校,基本-对个人和家庭的补助,102.8009945
临汾市统计局,基本-对个人和家庭的补助,102.7136303
财政专户管理的非税收入拨款,临汾市教育局,102.6631201
临汾市城区土地管理办公室,其它支出,102.6631201
财政拨款,临汾市科技情报研究所,102.6205201
财政拨款,临汾市骨科医院,102.5512134
财政拨款,临汾市土地勘测规划室,102.4619305
临汾市社会福利院,项目-对个人和家庭的补助,102.4588394
财政拨款,临汾市机关养老保险事管理中心,102.4495612
临汾市眉户剧艺术研究中心,基本-对个人和家庭的补助,102.4103041
临汾市第二小学,基本-对个人和家庭的补助,102.312617
临汾市福利彩票发行中心（综合）,基本-工资福利支出,102.2676532
临汾市妇幼保健院,项目-对企事业单位的补助,102.2508777
临汾市机构编制委员会办公室,基本-工资福利支出,102.2487791
临汾市三中,基本-商品和服务支持,102.2225136
临汾市园林事业局,基本-工资福利支出,102.1919706
临汾市路灯管理所,基本-工资福利支出,102.1866964
临汾市委办公厅和临汾市委办公厅档案室,基本-商品和服务支持,101.8548965
罚没收入拨款,临汾市环境监察支队,101.8233636
临汾市环境监察支队,项目-商品和服务支出,101.8233636
临汾市文物局,基本-工资福利支出,101.7786352
临汾市第二幼儿园,基本-工资福利支出,101.7676995
临汾市司法局,项目-商品和服务支出,101.7139641
临汾市安全生产监察执法支队,项目-商品和服务支出,101.7139641
财政拨款,临汾市市政设施管理处,101.4830364
财政拨款,临汾市平阳广场管理处,101.454967
临汾市社会福利院,基本-工资福利支出,101.3941032
临汾市文物局,项目-商品和服务支出,101.2656919
临汾市人民检察院,基本-商品和服务支持,101.2221863
预算管理的行政事业性收费收入拨款,临汾市民政局机关（行政),101.1508495
政府性基金收入拨款,临汾市扶贫开发办公室,101.1508495
财政专户管理的非税收入拨款,临汾市财经学校,101.1508495
临汾市城乡居民最低生活保障中心,项目-对个人和家庭的补助,101.1508495
临汾市环境卫生管理局,其它支出,101.1508495
财政拨款,临汾市国家保密局,101.1080665
临汾市人大常委会,基本-商品和服务支持,101.031355
临汾市引沁入汾工程建设管理局,基本-工资福利支出,100.9857846
临汾市幼儿园,项目-商品和服务支出,100.9176788
临汾市土地勘测规划室,基本-工资福利支出,100.901179
财政拨款,临汾市土地收购储备中心,100.7384602
财政拨款,临汾市经济发展研究中心（体改委）,100.6869112
财政拨款,临汾市安全生产监察执法支队,100.6688747
临汾市档案局(馆),基本-工资福利支出,100.5855418
预算管理的行政事业性收费收入拨款,临汾市卫生局,100.5588449
临汾广播电视大学,基本-对个人和家庭的补助,100.496718
临汾市人民政府机关事务管理局,基本-商品和服务支持,100.4906091
临汾市人民政府机关事务管理局,基本-商品和服务支持,100.4906091
临汾市农业综合开发办公室,基本-工资福利支出,100.424426
临汾市环境保护局机关,基本-对个人和家庭的补助,100.409667
临汾市体育局机关（行政）,基本-工资福利支出,100.3837932
临汾市公安局东城分局,项目-商品和服务支出,100.3132705
临汾市体育学校,基本-对个人和家庭的补助,100.2933969
临汾市直属机关工作委员会,基本-工资福利支出,100.2734891
临汾市财经学校,基本-工资福利支出,100.2298207
财政拨款,临汾市农机质量监督管理站,100.2248194
政府性基金收入拨款,临汾市散装水泥管理办公室,100.1884956
临汾市幼儿园,其它资本性支出,100.1884956
临汾市散装水泥管理办公室,其它资本性支出,100.1884956
临汾市委统战部,基本-工资福利支出,100.0838982
财政拨款,中共临汾市委防范和处理邪教问题领导组办公室,100.0699644
临汾市体育局机关（行政）,项目-商品和服务支出,100.0623571
财政拨款,临汾市委机要局,100.0331492
临汾市房屋征收与补偿办公室,基本-对个人和家庭的补助,100.0000423
临汾市平阳广场管理处,项目-商品和服务支出,99.93482477
临汾市市直机关汽修所,项目-商品和服务支出,99.93482477
财政拨款,临汾市土地复垦开发中心,99.80327355
预算管理的行政事业性收费收入拨款,临汾市职业技能鉴定指导中心,99.67545295
临汾广播电视大学,其它资本性支出,99.67545295
财政拨款,临汾市新闻中心,99.60045195
临汾市扶贫开发办公室,基本-工资福利支出,99.50634281
临汾市科学技术协会,项目-商品和服务支出,99.41011804
临汾市博物馆,基本-对个人和家庭的补助,99.39803334
预算管理的行政事业性收费收入拨款,临汾市节水办(行政性收费),99.21795724
临汾市城镇集体工业联合社,基本-工资福利支出,99.18789752
临汾市委党校,项目-商品和服务支出,98.93057771
临汾市体育局机关（行政）,基本-对个人和家庭的补助,98.9221808
财政拨款,临汾市城建档案馆,98.87307666
财政拨款,临汾市人民政府老龄工作委员会,98.85337635
财政拨款,临汾市荣军康复医院,98.85337635
临汾市财经学校,项目-工资福利支出,98.8251746
临汾市医疗保险基金管理中心,基本-工资福利支出,98.81952598
临汾市煤炭工业局,基本-对个人和家庭的补助,98.81811339
临汾市失业保险管理中心,其它支出,98.78982523
预算管理的行政事业性收费收入拨款,临汾市园林事业局,98.772819
临汾市企业养老保险管理服务中心,项目-商品和服务支出,98.71880002
临汾市财经学校,项目-商品和服务支出,98.63872941
罚没收入拨款,临汾市城市客运管理处,98.57542476
罚没收入拨款,临汾市人民检察院,98.57542476
政府性基金收入拨款,临汾市房地产管理局(行政性收费),98.57542476
临汾市骨科医院,基本-工资福利支出,98.57542476
临汾市房地产管理局(行政性收费),项目-工资福利支出,98.57542476
临汾高级技工学校,项目-商品和服务支出,98.57542476
临汾市土地收购储备中心,基本-工资福利支出,98.55520933
临汾市房地产管理局(行政性收费),基本-商品和服务支持,98.54798095
财政拨款,临汾市劳动保障监察执法队,98.48999032
临汾市安全生产监察执法支队,基本-工资福利支出,98.48999032
临汾市国际资金管理局,基本-工资福利支出,98.46379918
财政拨款,临汾市委台湾工作办公室,98.36725324
临汾市妇女联合会,基本-工资福利支出,98.33047088
临汾市纪律检查委员会,项目-工资福利支出,98.28321775
临汾市档案局(馆),基本-对个人和家庭的补助,98.21495064
财政拨款,山西省临汾市工商业联合会,98.17618551
临汾市科学技术协会,基本-对个人和家庭的补助,98.17618551
临汾人民警察学校,其它资本性支出,98.13429233
临汾市第五小学,基本-对个人和家庭的补助,98.11328857
临汾市失业保险管理中心,基本-对个人和家庭的补助,98.07719297
临汾市文化艺术学校,项目-商品和服务支出,97.98342011
临汾市国土资源执法监察支队,其它支出,97.98342011
临汾市城区土地管理办公室,基本-对个人和家庭的补助,97.8320883
政府性基金收入拨款,临汾市国土资源执法监察支队,97.83054952
临汾市信息中心,基本-对个人和家庭的补助,97.81669133
临汾市委统战部,基本-对个人和家庭的补助,97.70677825
临汾市农业委员会,基本-商品和服务支持,97.66158135
临汾市节水办(行政性收费),基本-工资福利支出,97.60051889
共青团临汾市委员会,基本-工资福利支出,97.57380049
临汾市平阳广场管理处,基本-工资福利支出,97.53439601
临汾市卫生局卫生监督所,项目-对个人和家庭的补助,97.51859647
临汾日报社,项目-商品和服务支出,97.43927272
临汾市第二幼儿园,项目-商品和服务支出,97.35940001
临汾市土地复垦开发中心,基本-工资福利支出,97.24825999
临汾市社会福利院,基本-对个人和家庭的补助,97.15563451
临汾市市政设施管理处,基本-工资福利支出,97.13603933
财政拨款,临汾市测绘管理处,97.10822241
临汾市水利局,基本-商品和服务支持,97.05403273
预算管理的行政事业性收费收入拨款,临汾市城建档案馆,97.03426414
预算管理的行政事业性收费收入拨款,临汾市疾病预防控制中心,97.03426414
临汾市发展和改革委员会,项目-商品和服务支出,96.95152858
临汾市旅游局机关,基本-对个人和家庭的补助,96.94986781
临汾市食品药品检验所,基本-对个人和家庭的补助,96.87989855
财政拨款,临汾市红十字会,96.64867143
临汾市第二人民医院（卫校附属医院）,项目-工资福利支出,96.50111863
临汾市第一小学,基本-商品和服务支持,96.43010407
专项收入拨款,临汾市环境保护宣传教育中心,96.3411547
临汾市环境保护宣传教育中心,项目-商品和服务支出,96.3411547
临汾市科技情报研究所,基本-工资福利支出,96.33940372
临汾市实验中学,基本-商品和服务支持,96.33590097
临汾市住房委员会办公室,基本-对个人和家庭的补助,96.276191
临汾蒲剧院,项目-商品和服务支出,96.26738401
临汾市市政设施管理处,项目-商品和服务支出,96.1789425
临汾市档案局(馆),其它支出,96.1789425
中共临汾市委讲师团,基本-工资福利支出,96.06294595
财政拨款,市转型综改办,96.02521959
临汾市公安局东城分局,基本-对个人和家庭的补助,95.84934134
国有资源有偿使用收入,临汾市文化艺术学校,95.81823939
政府性基金收入拨款,临汾市土地复垦开发中心,95.81823939
临汾市土地复垦开发中心,项目-商品和服务支出,95.81823939
财政拨款,临汾市工程建设招标投标办公室,95.79256294
临汾市政府采购中心,基本-工资福利支出,95.75025579
临汾市纪律检查委员会,基本-商品和服务支持,95.72258039
财政专户管理的非税收入拨款,临汾市第二幼儿园,95.63357048
临汾市农业机械科学研究所,基本-工资福利支出,95.62798451
临汾市卫生局卫生监督所,基本-对个人和家庭的补助,95.57571793
临汾市民族宗教事务局,基本-工资福利支出,95.48367798
财政拨款,临汾市地方病防治领导小组办公室,95.48179195
国有资源有偿使用收入,临汾市农业委员会,95.4458987
临汾市文化市场行政综合执法大队,基本-工资福利支出,95.3509059
临汾市园林事业局,基本-对个人和家庭的补助,95.34327259
临汾市文化市场行政综合执法大队,项目-商品和服务支出,95.25512476
临汾市文学艺术界联合会,基本-对个人和家庭的补助,95.15272136
财政专户管理的非税收入拨款,临汾市委机关事务管理局,95.10994599
临汾市城建档案馆,基本-工资福利支出,95.04352518
临汾市委机要局,基本-工资福利支出,95.03568578
临汾市委政策研究室,基本-工资福利支出,94.98459946
临汾市城建档案馆,其它资本性支出,94.94712362
临汾市统计局,基本-商品和服务支持,94.82996958
临汾市委市政府信访局,基本-对个人和家庭的补助,94.74383065
专项收入拨款,临汾市环境监控中心,94.70354594
临汾市环境监控中心,项目-商品和服务支出,94.70354594
临汾市农机质量监督管理站,基本-工资福利支出,94.61848755
临汾市机关养老保险事管理中心,基本-工资福利支出,94.60425001
国有资源有偿使用收入,临汾市三中,94.54098606
财政拨款,临汾市人才交流服务中心,94.51024953
预算管理的行政事业性收费收入拨款,临汾市食品药品监督管理局,94.45883938
预算管理的行政事业性收费收入拨款,临汾市工伤保险管理中心,94.45883938
临汾市小梅花蒲剧艺术培训中心,基本-对个人和家庭的补助,94.43408093
财政拨款,临汾市科学技术交流中心,94.40512878
财政拨款,临汾市归国华侨联合会,94.38855203
财政拨款,临汾市人事考试中心,94.36364218
专项收入拨款,临汾市环境信息中心,94.25087771
临汾市商务局机关,项目-商品和服务支出,94.25087771
临汾电视台,基本-商品和服务支持,94.19618824
财政拨款,临汾市救灾物资储备和社会捐助中心,94.06258669
临汾市农业机械科学研究所,基本-对个人和家庭的补助,93.96189866
财政拨款,临汾红丝带学校,93.87767696
临汾市环境监察支队,基本-对个人和家庭的补助,93.86466505
临汾市科学技术局,项目-商品和服务支出,93.82336364
临汾市委市政府信访局,项目-商品和服务支出,93.61461007
临汾市旅游局机关,项目-商品和服务支出,93.60351775
临汾市劳动保障监察执法队,基本-工资福利支出,93.4358408
财政拨款,临汾市军队转业干部培训中心,93.38845139
临汾市人事考试中心,基本-工资福利支出,93.21759719
专项收入拨款,临汾市辐射环境监督管理站,93.15084952
临汾市人口和计划生育委员会,项目-工资福利支出,93.15084952
临汾市政府采购中心,项目-商品和服务支出,93.15084952
临汾市辐射环境监督管理站,项目-商品和服务支出,93.15084952
临汾市水利局,其它资本性支出,93.15084952
临汾日报社,其它资本性支出,93.15084952
临汾市园林事业局,其它资本性支出,93.15084952
临汾人民警察学校,基本-商品和服务支持,93.14161257
临汾市企业养老保险管理服务中心,基本-对个人和家庭的补助,93.14161257
罚没收入拨款,临汾市房地产管理局(行政性收费),93.05349093
山西省临汾市工商业联合会,基本-工资福利支出,92.68691123
罚没收入拨款,临汾市食品药品监督管理局,92.67970001
临汾市职业技能鉴定指导中心,基本-工资福利支出,92.67970001
临汾市妇女联合会,基本-对个人和家庭的补助,92.67970001
临汾日报社,项目-工资福利支出,92.67970001
临汾市特殊教育学校,项目-商品和服务支出,92.67970001
临汾市国土资源局,其它支出,92.67970001
临汾市经济发展研究中心（体改委）,基本-工资福利支出,92.56127441
政府性基金收入拨款,临汾市土地勘测规划室,92.55884487
临汾市土地勘测规划室,项目-商品和服务支出,92.55884487
临汾市城区土地管理办公室,基本-商品和服务支持,92.36527632
中共临汾市委讲师团,基本-对个人和家庭的补助,92.32815323
国有资源有偿使用收入,临汾市城市客运管理处,92.2884232
临汾市市政公用局,基本-对个人和家庭的补助,92.26850679
临汾市委党史研究室,基本-工资福利支出,92.17091903
中共临汾市委防范和处理邪教问题领导组办公室,基本-工资福利支出,92.05728279
临汾市市直机关汽修所,基本-工资福利支出,92.0445872
临汾高级技工学校,基本-商品和服务支持,92.02424517
财政拨款,临汾市住房委员会办公室,91.99366473
临汾市机关养老保险事管理中心,其它资本性支出,91.93482477
临汾市文学艺术界联合会,基本-工资福利支出,91.84470616
财政拨款,临汾市环境信息中心,91.84212098
财政拨款,临汾市社会救助中心,91.66758102
财政拨款,临汾市工业经济联合会,91.57534292
市转型综改办,项目-商品和服务支出,91.41011804
临汾市直属机关工作委员会,基本-对个人和家庭的补助,91.37247956
预算管理的行政事业性收费收入拨款,临汾市国土资源局,91.13853938
临汾市委政策研究室,基本-对个人和家庭的补助,90.95293967
临汾市测绘管理处,基本-工资福利支出,90.91938047
临汾市环境信息中心,其它资本性支出,90.87729378
临汾市畜牧兽医局,基本-商品和服务支持,90.8322315
临汾市体育学校,项目-商品和服务支出,90.8322315
临汾市丁村民俗博物馆,基本-对个人和家庭的补助,90.80680644
财政拨款,中国民主建国会临汾市委员会,90.80397798
财政拨款,临汾市爱国卫生运动委员会办公室,90.7159499
临汾市工程建设招标投标办公室,基本-工资福利支出,90.67025201
临汾市委台湾工作办公室,基本-工资福利支出,90.5898427
财政拨款,临汾市军队离退休干部休养所,90.57542476
罚没收入拨款,临汾市交通运输局,90.57542476
临汾市招商局,基本-工资福利支出,90.57542476
临汾市新闻中心,项目-商品和服务支出,90.57542476
临汾市城市客运管理处,基本-对个人和家庭的补助,90.50306364
财政拨款,中国民主促进会临汾市委员会,90.31867572
临汾市特殊教育学校,基本-商品和服务支持,90.31867572
临汾市第二幼儿园,基本-对个人和家庭的补助,90.22090297
临汾市食品药品检验所,项目-商品和服务支出,90.16423154
临汾市住房委员会办公室,基本-商品和服务支持,90.10728047
临汾市第二小学,基本-商品和服务支持,90.04098412
临汾市劳动保障监察执法队,项目-商品和服务支出,89.98342011
临汾市环境信息中心,基本-工资福利支出,89.89194095
临汾市人力资源和社会保障局机关（行政）,基本-商品和服务支持,89.83670338
临汾市路灯管理所,基本-对个人和家庭的补助,89.79046927
临汾市农机局,项目-工资福利支出,89.75644615
临汾市委党校,基本-商品和服务支持,89.74094788
临汾市妇幼保健院,基本-商品和服务支持,89.70055471
临汾市委党史研究室,基本-对个人和家庭的补助,89.54386536
临汾市国家保密局,基本-工资福利支出,89.44882041
临汾日报社,基本-商品和服务支持,89.4010028
财政拨款,临汾市环境保护宣传教育中心,89.38501947
临汾市教育局,基本-商品和服务支持,89.26604983
临汾红丝带学校,基本-工资福利支出,89.26281735
临汾市新闻中心,基本-工资福利支出,89.20447741
财政拨款,中国民主同盟临汾市委员会,89.09346862
国有资源有偿使用收入,临汾市交通运输局,89.03426414
中共临汾市委防范和处理邪教问题领导组办公室,项目-商品和服务支出,89.03426414
临汾市民族宗教事务局,项目-商品和服务支出,89.03426414
临汾市商务局机关,基本-商品和服务支持,88.99131567
临汾市人才交流服务中心,基本-工资福利支出,88.89158959
临汾市人民政府办公厅,基本-商品和服务支持,88.87822743
临汾市军队转业干部培训中心,基本-工资福利支出,88.85815515
临汾市城乡居民最低生活保障中心,基本-工资福利支出,88.82798112
临汾市农村养老保险管理服务中心,基本-工资福利支出,88.78425666
临汾市科技情报研究所,基本-对个人和家庭的补助,88.75050939
临汾市职业技能鉴定指导中心,基本-商品和服务支持,88.69970273
临汾市人民政府老龄工作委员会,基本-工资福利支出,88.63502489
临汾市荣军康复医院,基本-工资福利支出,88.63502489
临汾市机构编制委员会办公室,项目-商品和服务支出,88.35515295
临汾市中小企业局,项目-商品和服务支出,88.35515295
临汾市骨科医院,项目-工资福利支出,88.32012543
财政拨款,民革临汾市委员会,88.1398125
临汾市农业干部学校,基本-对个人和家庭的补助,88.10769808
临汾市市政设施管理处,基本-对个人和家庭的补助,88.10769808
临汾市文化广电新闻出版局,基本-商品和服务支持,88.04679261
临汾市新型农村合作医疗管理中心,基本-工资福利支出,88.02521959
临汾市社会福利院,项目-商品和服务支出,88
临汾市委党史研究室,项目-商品和服务支出,88
临汾市文化艺术学校,基本-商品和服务支持,87.6707414
临汾市市容监察支队,基本-商品和服务支持,87.58506862
临汾市环境保护宣传教育中心,基本-工资福利支出,87.57384688
临汾人民警察学校,项目-工资福利支出,87.4496822
临汾市救灾物资储备和社会捐助中心,基本-工资福利支出,87.40799535
临汾市安全生产监督管理局,基本-对个人和家庭的补助,87.38899689
罚没收入拨款,临汾市公安局东城分局,87.25512476
国有资源有偿使用收入,临汾电视台,87.25512476
财政专户管理的非税收入拨款,临汾市粮食学校,87.25512476
临汾市城乡居民最低生活保障中心,项目-商品和服务支出,87.25512476
临汾市粮食学校,项目-商品和服务支出,87.25512476
临汾市红十字会,项目-商品和服务支出,87.25512476
临汾市国家保密局,项目-商品和服务支出,87.25512476
临汾市实验中学,项目-商品和服务支出,87.25512476
临汾市妇女联合会,项目-商品和服务支出,87.25512476
临汾市丁村民俗博物馆,项目-商品和服务支出,87.25512476
财政拨款,临汾市环保技术服务中心,87.20500266
临汾人民警察学校,项目-商品和服务支出,87.18953658
临汾市人民政府老龄工作委员会,基本-对个人和家庭的补助,87.16242097
临汾市荣军康复医院,基本-对个人和家庭的补助,87.16242097
临汾市平阳广场管理处,基本-对个人和家庭的补助,87.08849871
临汾市工伤保险管理中心,基本-工资福利支出,87.01017088
临汾市司法局,基本-商品和服务支持,86.91547037
临汾市文学艺术界联合会,其它支出,86.86384796
临汾市食品药品监督管理局,基本-商品和服务支持,86.73578495
临汾市住建局,基本-商品和服务支持,86.68335072
临汾市气象局,基本-对个人和家庭的补助,86.67526273
临汾市科学技术交流中心,基本-对个人和家庭的补助,86.6509647
临汾市救灾物资储备和社会捐助中心,项目-商品和服务支出,86.6225522
临汾市经济发展研究中心（体改委）,基本-对个人和家庭的补助,86.58999488
国有资源有偿使用收入,临汾市平阳广场管理处,86.45883938
临汾市平阳广场管理处,基本-商品和服务支持,86.45883938
临汾市疾病预防控制中心,基本-商品和服务支持,86.45883938
临汾市农村养老保险管理服务中心,项目-商品和服务支出,86.45883938
临汾市红十字会,基本-工资福利支出,86.40098682
临汾市公安局东城分局,基本-商品和服务支持,86.16240392
临汾市农机质量监督管理站,基本-对个人和家庭的补助,86.14970926
财政拨款,九三学社临汾市委员会,86.12852041
预算管理的行政事业性收费收入拨款,临汾市人力资源和社会保障局机关（行政）,86.03910002
临汾市环境监察支队,基本-商品和服务支持,85.75346752
临汾市国家保密局,基本-对个人和家庭的补助,85.70076624
临汾市科学技术交流中心,基本-工资福利支出,85.41104204
临汾市体育学校,基本-商品和服务支持,85.38392795
临汾市测绘管理处,项目-商品和服务支出,85.37940274
临汾市爱国卫生运动委员会办公室,基本-工资福利支出,85.22448014
临汾市城建执法监察支队,基本-商品和服务支持,85.21071013
临汾市环保技术服务中心,基本-工资福利支出,85.17851608
共青团临汾市委员会,项目-商品和服务支出,85.15084952
临汾市发展和改革委员会,基本-商品和服务支持,84.89881999
临汾市食品药品监督管理局,基本-对个人和家庭的补助,84.82782391
临汾市农机局,基本-商品和服务支持,84.77548114
财政拨款,临汾市健康教育办公室,84.42688403
临汾市城建档案馆,基本-对个人和家庭的补助,84.27846929
临汾市城市客运管理处,基本-商品和服务支持,84.26850679
财政拨款,临汾市委信息化中心,84.23856757
国有资源有偿使用收入,临汾蒲剧院,84.18849565
临汾市直属机关工作委员会,项目-商品和服务支出,83.67545295
临汾市人力资源社会保障信息中心,基本-工资福利支出,83.49036096
临汾市工业经济联合会,基本-工资福利支出,83.34012002
临汾市科学技术局,基本-商品和服务支持,83.25882201
临汾市城市绿化一队,基本-商品和服务支持,83.18242369
财政专户管理的非税收入拨款,临汾市体育学校,83.13853938
中国民主建国会临汾市委员会,基本-工资福利支出,82.85478463
临汾市国土资源局,基本-商品和服务支持,82.74726258
临汾市引沁入汾工程建设管理局,基本-对个人和家庭的补助,82.71880002
临汾市卫生局,基本-商品和服务支持,82.71309908
临汾市市政公用局,项目-商品和服务支出,82.66738987
财政拨款,临汾市治理非法超限超载车辆工作办公室,82.57542476
预算管理的行政事业性收费收入拨款,临汾市农机局,82.57542476
预算管理的行政事业性收费收入拨款,临汾市交通运输局,82.57542476
罚没收入拨款,临汾市劳动保障监察执法队,82.57542476
罚没收入拨款,临汾市卫生局卫生监督所,82.57542476
专项收入拨款,临汾市环保技术服务中心,82.57542476
国有资源有偿使用收入,临汾市城镇集体工业联合社,82.57542476
临汾市城镇集体工业联合社,项目-工资福利支出,82.57542476
临汾市军队离退休干部休养所,项目-商品和服务支出,82.57542476
临汾市环保技术服务中心,项目-商品和服务支出,82.57542476
临汾市委台湾工作办公室,项目-商品和服务支出,82.57542476
临汾市治理非法超限超载车辆工作办公室,项目-商品和服务支出,82.57542476
临汾市军队离退休干部休养所,项目-对个人和家庭的补助,82.57542476
国有资源有偿使用收入,临汾市体育学校,82.51757221
临汾市归国华侨联合会,基本-工资福利支出,82.50596681
临汾市第五小学,基本-商品和服务支持,82.41855241
临汾市地方病防治领导小组办公室,基本-工资福利支出,82.39512965
临汾市幼儿园,基本-商品和服务支持,82.38340042
临汾市城市绿化二队,基本-对个人和家庭的补助,82.38340042
临汾市文物局,基本-对个人和家庭的补助,82.37165926
临汾市财经学校,基本-商品和服务支持,82.31867572
临汾市人口和计划生育委员会,基本-商品和服务支持,82.14627733
财政拨款,临汾市人事争议仲裁委员会办公室,82.13429233
财政拨款,临汾市辐射环境监督管理站,82.12229486
财政拨款,临汾市环境监控中心,82.01375274
国有资源有偿使用收入,临汾市企业养老保险管理服务中心,81.98342011
临汾市城建执法监察支队,其它资本性支出,81.98342011
临汾市市政公用局,基本-商品和服务支持,81.92251463
临汾市国际资金管理局,基本-对个人和家庭的补助,81.78120018
临汾市委机关事务管理局,基本-商品和服务支持,81.55647909
国有资源有偿使用收入,临汾市园林事业局,81.35940001
临汾市归国华侨联合会,基本-对个人和家庭的补助,81.30154746
市转型综改办,基本-工资福利支出,81.25634968
临汾市城建执法监察支队,基本-对个人和家庭的补助,81.19147284
临汾市卫生局卫生监督所,基本-商品和服务支持,81.04085743
临汾市社会救助中心,基本-工资福利支出,80.95484942
临汾市民政局机关（行政),基本-商品和服务支持,80.83469328
临汾广播电视大学,基本-商品和服务支持,80.82798112
临汾市城建执法监察支队,其它支出,80.69970273
临汾市地方病防治领导小组办公室,基本-对个人和家庭的补助,80.63843804
临汾市旅游局机关,基本-商品和服务支持,80.61794399
临汾市粮食局,基本-商品和服务支持,80.24268863
临汾市机构编制委员会办公室,基本-对个人和家庭的补助,80.10054939
临汾市环境监测站,基本-商品和服务支持,80.08623871
临汾市辐射环境监督管理站,基本-工资福利支出,80.07907671
临汾市信息中心,项目-商品和服务支出,80.05756401
罚没收入拨款,临汾市国土资源执法监察支队,80
临汾市工伤保险管理中心,项目-商品和服务支出,80
临汾市委政策研究室,项目-商品和服务支出,80
临汾市环境监控中心,基本-工资福利支出,79.94939489
中国民主同盟临汾市委员会,基本-工资福利支出,79.81823939
临汾市健康教育办公室,基本-工资福利支出,79.7888902
预算管理的行政事业性收费收入拨款,临汾市市政公用局,79.70779299
国有资源有偿使用收入,临汾市失业保险管理中心,79.63357048
临汾市安全生产监督管理局,基本-商品和服务支持,79.46858111
临汾市农业综合开发办公室,基本-对个人和家庭的补助,79.33181316
预算管理的行政事业性收费收入拨款,临汾市卫生局卫生监督所,79.25512476
国有资源有偿使用收入,临汾市体育局机关（行政）,79.25512476
临汾广播电视大学,项目-工资福利支出,79.25512476
中国民主促进会临汾市委员会,项目-商品和服务支出,79.25512476
民革临汾市委员会,项目-商品和服务支出,79.25512476
九三学社临汾市委员会,项目-商品和服务支出,79.25512476
临汾市归国华侨联合会,项目-商品和服务支出,79.25512476
临汾市第二小学,项目-商品和服务支出,79.25512476
中国民主建国会临汾市委员会,项目-商品和服务支出,79.25512476
中共临汾市委讲师团,项目-商品和服务支出,79.25512476
临汾市群众艺术馆,项目-商品和服务支出,79.25512476
中国民主同盟临汾市委员会,项目-商品和服务支出,79.25512476
临汾市经济发展研究中心（体改委）,项目-商品和服务支出,79.25512476
山西省临汾市工商业联合会,项目-商品和服务支出,79.25512476
临汾市农业干部学校,其它支出,79.25512476
临汾市人民政府老龄工作委员会,其它支出,79.25512476
临汾市荣军康复医院,其它支出,79.25512476
临汾市国土资源执法监察支队,基本-对个人和家庭的补助,79.19340504
临汾市民族宗教事务局,基本-对个人和家庭的补助,79.18566682
临汾市军队转业干部培训中心,基本-对个人和家庭的补助,79.15466194
临汾市环境保护局机关,基本-商品和服务支持,79.14689769
临汾市丁村民俗博物馆,基本-商品和服务支持,79.06114439
临汾市煤炭工业局,其它资本性支出,78.90357798
临汾市土地复垦开发中心,基本-对个人和家庭的补助,78.79999408
临汾市交通运输局,基本-商品和服务支持,78.65501793
临汾市失业保险管理中心,基本-商品和服务支持,78.55734547
临汾市委市政府信访局,基本-商品和服务支持,78.50819751
临汾市委统战部,基本-商品和服务支持,78.47531555
临汾市环境信息中心,项目-商品和服务支出,78.40926925
中国民主促进会临汾市委员会,基本-工资福利支出,78.05618597
民革临汾市委员会,基本-工资福利支出,78.02198873
临汾市委台湾工作办公室,基本-对个人和家庭的补助,77.76222772
临汾市直属机关工作委员会,基本-商品和服务支持,77.73592716
临汾蒲剧院,基本-商品和服务支持,77.71836009
财政专户管理的非税收入拨款,临汾市文化艺术学校,77.60351775
临汾市社会救助中心,项目-对个人和家庭的补助,77.60351775
临汾市机构编制委员会办公室,基本-商品和服务支持,77.4785499
临汾市中小企业局,基本-商品和服务支持,77.43358856
临汾市农业干部学校,基本-商品和服务支持,77.36128411
预算管理的行政事业性收费收入拨款,临汾市测绘管理处,77.15084952
临汾市供销合作社,基本-商品和服务支持,77.13236823
临汾市扶贫开发办公室,基本-对个人和家庭的补助,77.12311648
临汾市粮食学校,基本-商品和服务支持,77.08603513
临汾市国土资源执法监察支队,基本-商品和服务支持,77.03018876
临汾市信息中心,基本-商品和服务支持,76.92709659
临汾市人事争议仲裁委员会办公室,基本-工资福利支出,76.78501568
临汾市委机要局,基本-对个人和家庭的补助,76.74683017
临汾市地方病防治领导小组办公室,项目-商品和服务支出,76.67970001
临汾市工业经济联合会,其它支出,76.67970001
临汾市房屋征收与补偿办公室,基本-商品和服务支持,76.59281206
临汾市测绘管理处,基本-对个人和家庭的补助,76.53452123
共青团临汾市委员会,基本-对个人和家庭的补助,76.42688403
临汾市妇女联合会,基本-商品和服务支持,76.22857055
临汾市文物局,基本-商品和服务支持,76.11802799
山西省临汾市工商业联合会,基本-对个人和家庭的补助,76.03696314
临汾市档案局(馆),基本-商品和服务支持,75.88341462
临汾市煤炭工业局,基本-商品和服务支持,75.83177444
临汾市节水办(行政性收费),基本-商品和服务支持,75.68594051
临汾市委机要局,项目-商品和服务支出,75.67545295
临汾市安全生产监察执法支队,其它资本性支出,75.67545295
临汾市委信息化中心,基本-工资福利支出,75.58063357
临汾市体育局机关（行政）,基本-商品和服务支持,75.48502875
临汾市园林事业局,基本-商品和服务支持,75.29140997
预算管理的行政事业性收费收入拨款,临汾市公安局,75.02809299
国有资源有偿使用收入,临汾市救灾物资储备和社会捐助中心,75.02809299
临汾市农业综合开发办公室,基本-商品和服务支持,75.02809299
临汾市民族宗教事务局,基本-商品和服务支持,75.02809299
临汾市人才交流服务中心,基本-对个人和家庭的补助,74.91657946
临汾市土地勘测规划室,基本-对个人和家庭的补助,74.76998219
临汾市社会福利院,基本-商品和服务支持,74.73588598
国有资源有偿使用收入,临汾市房屋征收与补偿办公室,74.66738987
临汾市房屋征收与补偿办公室,项目-商品和服务支出,74.66738987
预算管理的行政事业性收费收入拨款,临汾市军队转业干部培训中心,74.57542476
罚没收入拨款,临汾市农业委员会,74.57542476
罚没收入拨款,临汾市文化市场行政综合执法大队,74.57542476
政府性基金收入拨款,临汾市农业委员会,74.57542476
财政专户管理的非税收入拨款,临汾市委党校,74.57542476
临汾市军队转业干部培训中心,项目-商品和服务支出,74.57542476
临汾市第一小学,项目-商品和服务支出,74.57542476
临汾市第五小学,项目-商品和服务支出,74.57542476
临汾市城镇集体工业联合社,项目-商品和服务支出,74.57542476
临汾市委信息化中心,项目-商品和服务支出,74.57542476
临汾市工程建设招标投标办公室,项目-商品和服务支出,74.57542476
临汾市爱国卫生运动委员会办公室,项目-商品和服务支出,74.57542476
临汾市群众艺术馆,其它资本性支出,74.57542476
临汾市地方病防治领导小组办公室,其它支出,74.57542476
临汾红丝带学校,其它支出,74.57542476
临汾市城市绿化二队,基本-商品和服务支持,74.56387742
临汾市企业养老保险管理服务中心,基本-商品和服务支持,74.49434974
临汾市食品药品检验所,基本-商品和服务支持,74.14028638
共青团临汾市委员会,基本-商品和服务支持,74.11629145
临汾市福利彩票发行中心（综合）,基本-对个人和家庭的补助,74.10427525
临汾市扶贫开发办公室,基本-商品和服务支持,73.87355778
临汾市工程建设招标投标办公室,基本-对个人和家庭的补助,73.71299844
临汾市博物馆,基本-商品和服务支持,73.48693236
临汾市城乡居民最低生活保障中心,基本-对个人和家庭的补助,73.41058218
临汾市科技情报研究所,其它支出,73.35940001
临汾市群众艺术馆,基本-商品和服务支持,73.16541964
临汾市委机要局,基本-商品和服务支持,73.1393075
临汾市城镇集体工业联合社,基本-商品和服务支持,73.11313615
临汾市国际资金管理局,基本-商品和服务支持,73.00785323
临汾市科学技术协会,基本-商品和服务支持,72.99462508
临汾市医疗保险基金管理中心,基本-对个人和家庭的补助,72.74036593
临汾市土地收购储备中心,基本-对个人和家庭的补助,72.63161073
临汾市安全生产监察执法支队,基本-对个人和家庭的补助,72.56311462
临汾市新闻中心,基本-对个人和家庭的补助,72.27090761
临汾市土地收购储备中心,基本-商品和服务支持,72.25680675
临汾市第二幼儿园,基本-商品和服务支持,72.07191027
国有资源有偿使用收入,临汾市卫生局卫生监督所,72
临汾市人才交流服务中心,项目-商品和服务支出,72
临汾市引沁入汾工程建设管理局,项目-商品和服务支出,72
中国民主促进会临汾市委员会,基本-对个人和家庭的补助,71.82556504
临汾市城建档案馆,项目-商品和服务支出,71.58880678
临汾市农村养老保险管理服务中心,基本-对个人和家庭的补助,71.55886757
临汾市政府采购中心,基本-对个人和家庭的补助,71.27050326
临汾市引沁入汾工程建设管理局,基本-商品和服务支持,71.10020217
临汾市第二人民医院（卫校附属医院）,基本-对个人和家庭的补助,70.7196767
临汾市国家保密局,基本-商品和服务支持,70.67121661
临汾市财经学校,基本-对个人和家庭的补助,70.60628502
临汾市工业经济联合会,基本-对个人和家庭的补助,70.57368172
临汾市医疗保险基金管理中心,基本-商品和服务支持,70.54098606
临汾市公安局东城分局,其它资本性支出,70.45883938
临汾市委政策研究室,基本-商品和服务支持,70.22566861
临汾市文学艺术界联合会,基本-商品和服务支持,70.1919706
临汾市文化市场行政综合执法大队,基本-对个人和家庭的补助,69.27939647
临汾市路灯管理所,基本-商品和服务支持,69.02085471
临汾市红十字会,基本-对个人和家庭的补助,69.02085471
临汾市社会救助中心,基本-对个人和家庭的补助,68.79454235
预算管理的行政事业性收费收入拨款,临汾市公安局直属分局,68.67970001
临汾市职业技能鉴定指导中心,基本-对个人和家庭的补助,68.67970001
临汾市机关养老保险事管理中心,基本-对个人和家庭的补助,68.60249865
中共临汾市委讲师团,基本-商品和服务支持,68.56370345
临汾市政府采购中心,基本-商品和服务支持,68.50526504
中共临汾市委防范和处理邪教问题领导组办公室,基本-商品和服务支持,68.18849565
九三学社临汾市委员会,基本-对个人和家庭的补助,67.52761758
临汾市委台湾工作办公室,基本-商品和服务支持,67.33471794
临汾市劳动保障监察执法队,基本-对个人和家庭的补助,67.29140997
临汾市人事考试中心,基本-对个人和家庭的补助,67.13853938
临汾市经济发展研究中心（体改委）,基本-商品和服务支持,67.09448757
预算管理的行政事业性收费收入拨款,临汾市畜牧兽医局,67.02809299
临汾市安全生产监察执法支队,基本-商品和服务支持,66.80397798
财政拨款,临汾市住房保障中心,66.57542476
国有资源有偿使用收入,临汾市农机局,66.57542476
国有资源有偿使用收入,临汾市住建局,66.57542476
临汾市第一小学,项目-工资福利支出,66.57542476
临汾市安全生产监督管理局,项目-工资福利支出,66.57542476
临汾市人事争议仲裁委员会办公室,项目-商品和服务支出,66.57542476
临汾市农业机械科学研究所,项目-商品和服务支出,66.57542476
临汾市农机质量监督管理站,项目-商品和服务支出,66.57542476
临汾市社会救助中心,项目-商品和服务支出,66.57542476
临汾市博物馆,项目-商品和服务支出,66.57542476
临汾市住房保障中心,项目-商品和服务支出,66.57542476
临汾市健康教育办公室,项目-商品和服务支出,66.57542476
临汾红丝带学校,项目-商品和服务支出,66.57542476
临汾市信息中心,债务还本支出,66.57542476
临汾市疾病预防控制中心,其它资本性支出,66.57542476
临汾市劳动保障监察执法队,基本-商品和服务支持,66.20005638
中共临汾市委防范和处理邪教问题领导组办公室,基本-对个人和家庭的补助,66.17618551
九三学社临汾市委员会,基本-工资福利支出,66.12829515
临汾市农业机械科学研究所,基本-商品和服务支持,66.00769259
临汾市福利彩票发行中心（综合）,基本-商品和服务支持,66.00769259
临汾市委党史研究室,基本-商品和服务支持,65.98342011
国有资源有偿使用收入,临汾市市政公用局,65.5122706
临汾市科技情报研究所,基本-商品和服务支持,65.41058218
临汾市测绘管理处,基本-商品和服务支持,65.07376752
临汾市文化市场行政综合执法大队,基本-商品和服务支持,64.69970273
临汾市机关养老保险事管理中心,基本-商品和服务支持,64.67251412
临汾市招商局,基本-对个人和家庭的补助,64.67251412
国有资源有偿使用收入,临汾市信息中心,64.22855322
临汾市环境信息中心,基本-对个人和家庭的补助,64.05756401
预算管理的行政事业性收费收入拨款,临汾市旅游局机关,64
罚没收入拨款,临汾市商务局机关,64
临汾市土地勘测规划室,基本-商品和服务支持,64
临汾市农村养老保险管理服务中心,基本-商品和服务支持,63.82556504
临汾市气象局,基本-商品和服务支持,63.7962345
临汾市城建档案馆,基本-商品和服务支持,63.58880678
临汾市新闻中心,基本-商品和服务支持,63.16242097
临汾市城乡居民最低生活保障中心,基本-商品和服务支持,62.97474919
临汾市红十字会,基本-商品和服务支持,62.97474919
临汾市招商局,基本-商品和服务支持,62.55734547
临汾市人才交流服务中心,基本-商品和服务支持,62.05618597
临汾市人民政府老龄工作委员会,基本-商品和服务支持,62.05618597
临汾市荣军康复医院,基本-商品和服务支持,62.05618597
临汾市新型农村合作医疗管理中心,基本-对个人和家庭的补助,61.95328876
临汾市环境保护宣传教育中心,基本-对个人和家庭的补助,61.70956652
临汾市农机质量监督管理站,基本-商品和服务支持,61.60351775
临汾市土地复垦开发中心,基本-商品和服务支持,61.60351775
临汾市工程建设招标投标办公室,基本-商品和服务支持,61.60351775
临汾市工业经济联合会,基本-商品和服务支持,61.35221412
临汾市救灾物资储备和社会捐助中心,基本-对个人和家庭的补助,61.31586272
中国民主建国会临汾市委员会,基本-商品和服务支持,61.16930126
临汾市工伤保险管理中心,基本-商品和服务支持,61.05814572
临汾市工伤保险管理中心,基本-对个人和家庭的补助,60.98344281
临汾市环境信息中心,基本-商品和服务支持,60.36774695
山西省临汾市工商业联合会,基本-商品和服务支持,60.2884232
临汾市归国华侨联合会,基本-商品和服务支持,60.1684059
临汾市新型农村合作医疗管理中心,基本-商品和服务支持,59.9655613
中国民主同盟临汾市委员会,基本-商品和服务支持,59.71734614
中国民主促进会临汾市委员会,基本-商品和服务支持,59.54885321
临汾市爱国卫生运动委员会办公室,基本-商品和服务支持,59.46367526
临汾市环保技术服务中心,基本-对个人和家庭的补助,59.33471794
临汾市爱国卫生运动委员会办公室,基本-对个人和家庭的补助,59.1605024
临汾市地方病防治领导小组办公室,基本-商品和服务支持,58.98361678
临汾红丝带学校,基本-商品和服务支持,58.80397798
临汾市救灾物资储备和社会捐助中心,基本-商品和服务支持,58.75862798
临汾市社会救助中心,基本-商品和服务支持,58.71309908
民革临汾市委员会,基本-商品和服务支持,58.48272096
临汾市人力资源社会保障信息中心,基本-对个人和家庭的补助,57.41058218
中国民主建国会临汾市委员会,基本-对个人和家庭的补助,56.99462508
临汾市环保技术服务中心,基本-商品和服务支持,56.78088637
国有资源有偿使用收入,临汾市畜牧兽医局,56
九三学社临汾市委员会,基本-商品和服务支持,55.82556504
临汾市环境保护宣传教育中心,基本-商品和服务支持,55.76682923
市转型综改办,基本-对个人和家庭的补助,55.2858613
临汾市辐射环境监督管理站,基本-对个人和家庭的补助,54.1919706
临汾市环境监控中心,基本-对个人和家庭的补助,54.1919706
临汾市军队转业干部培训中心,基本-商品和服务支持,54.12427797
临汾市科学技术交流中心,基本-商品和服务支持,54.12427797
中国民主同盟临汾市委员会,基本-对个人和家庭的补助,53.91878482
临汾市健康教育办公室,基本-对个人和家庭的补助,53.70956652
民革临汾市委员会,基本-对个人和家庭的补助,52.12812118
临汾市人力资源社会保障信息中心,基本-商品和服务支持,52.04712744
市转型综改办,基本-商品和服务支持,52.04712744
临汾市辐射环境监督管理站,基本-商品和服务支持,51.9655613
临汾市环境监控中心,基本-商品和服务支持,51.9655613
临汾市人事争议仲裁委员会办公室,基本-对个人和家庭的补助,50.93896853
临汾市委信息化中心,基本-对个人和家庭的补助,49.71299844
临汾市健康教育办公室,基本-商品和服务支持,49.41058218
临汾市委信息化中心,基本-商品和服务支持,48.3411547
预算管理的行政事业性收费收入拨款,临汾市政府采购中心,48
临汾市人事争议仲裁委员会办公室,基本-商品和服务支持,46.12427797
临汾市供销合作社,项目-商品和服务支出,40
临汾职业技术学院,项目-商品和服务支出,40
临汾市节水办(行政性收费),基本-对个人和家庭的补助,13.42457524
临汾市市直机关汽修所,基本-对个人和家庭的补助,2.849150482
