Source,Target
IS小把戏,ooof
IS小把戏,手语
IS小把戏,一日三晕
Nice_临汾,_____k怡Green
Nice_临汾,____箜篌
Nice_临汾,__zZ__zZ
Nice_临汾,__静
Nice_临汾,_黄泉颤抖
Nice_临汾,0老邹0
Nice_临汾,1海墨1
Nice_临汾,567GO-15期-冰天雪地-韩冰
Nice_临汾,964KM的浪漫休止符
Nice_临汾,Andy_陈小猪
Nice_临汾,A--幸福控
Nice_临汾,A卓然
Nice_临汾,chloe-1988
Nice_临汾,CNBlueELIA
Nice_临汾,Cornelius_CY
Nice_临汾,cx的新家
Nice_临汾,cyzdmt-
Nice_临汾,Dream灬凯
Nice_临汾,Fan中YI熊-猪豆
Nice_临汾,fly_win
Nice_临汾,I_am_菜菜Y
Nice_临汾,impossible-never
Nice_临汾,Kiki-吴
Nice_临汾,LevenaM
Nice_临汾,LF煎蛋七分熟
Nice_临汾,lijing0146
Nice_临汾,liujian585858
Nice_临汾,lovey妞儿
Nice_临汾,love浮华透过瞳孔
Nice_临汾,Lo梦秋oK
Nice_临汾,ly235689
Nice_临汾,MG病友之家
Nice_临汾,Mr彡石
Nice_临汾,M豆小豆M
Nice_临汾,Na妞
Nice_临汾,Olivia刘嘉钰
Nice_临汾,oOoding丿最o
Nice_临汾,pcn推广
Nice_临汾,peter823
Nice_临汾,Provence-mxxy
Nice_临汾,QueenAA琴
Nice_临汾,Shellyfang
Nice_临汾,Singaporedream
Nice_临汾,sl晴天_0YY
Nice_临汾,small-li
Nice_临汾,Sophia-Chu
Nice_临汾,ss向日葵宝贝
Nice_临汾,sunshine老太
Nice_临汾,su唯沫
Nice_临汾,SwingYoung
Nice_临汾,TheKing-Lengdun-WR王弱弱
Nice_临汾,TOT|fZOo
Nice_临汾,Tz_流氓兔
Nice_临汾,U-DYXF
Nice_临汾,voloe
Nice_临汾,VZHai小斌
Nice_临汾,wessgao
Nice_临汾,zhangyan-mj
Nice_临汾,zhf蛐蛐
Nice_临汾,zhou小哥
Nice_临汾,zimeichouchou
Nice_临汾,zzn812
Nice_临汾,阿雪一切会好
Nice_临汾,爱出色--Song
Nice_临汾,爱小得瑟刘忻的--好银Er
Nice_临汾,爱心幸福使者
Nice_临汾,俺是小孔雀
Nice_临汾,奥迪车友汇
Nice_临汾,白大洁
Nice_临汾,白色_浪漫
Nice_临汾,柏林的墙
Nice_临汾,北京忽悠你
Nice_临汾,奔向free生活的bboyi爷
Nice_临汾,笨笨爱1014
Nice_临汾,斌斌努力向上
Nice_临汾,冰雪1105
Nice_临汾,不爱坏鸟
Nice_临汾,不眠的-夏天
Nice_临汾,不想再掩饰
Nice_临汾,才多大点儿事儿
Nice_临汾,曾经点石难为金
Nice_临汾,沉谨三年的迷恋
Nice_临汾,陈木乔
Nice_临汾,崔-小-健
Nice_临汾,大森林狼
Nice_临汾,胆小鬼也幸福
Nice_临汾,刀霏菌灭
Nice_临汾,德鲁蒙德
Nice_临汾,地球1看客
Nice_临汾,董宝萍
Nice_临汾,董君毅-临汾之星
Nice_临汾,董忆曦Lorin
Nice_临汾,凡小苗
Nice_临汾,泛滥的装逼
Nice_临汾,范纯洁
Nice_临汾,芳草涟漪
Nice_临汾,奋发中的宋小昭
Nice_临汾,风驰电掣的牛车
Nice_临汾,L之子027
Nice_临汾,锋生水起
Nice_临汾,冯小芮-牛鲜花儿
Nice_临汾,浮华人世间
Nice_临汾,福娃先生
Nice_临汾,尕发丶
Nice_临汾,该怎么做才好呢
Nice_临汾,高琮_139
Nice_临汾,高大美是大叔控
Nice_临汾,咕噜嘻哇
Nice_临汾,乖-lovely
Nice_临汾,鬼鬼VAE
Nice_临汾,郭慧超c
Nice_临汾,国民小D
Nice_临汾,哈哈猪的小窝
Nice_临汾,海布里第十四号
Nice_临汾,海盗电台H
Nice_临汾,韩破胆
Nice_临汾,行人语
Nice_临汾,郝天顺
Nice_临汾,何二为一
Nice_临汾,红子的新家
Nice_临汾,侯春林-木木
Nice_临汾,侯马高志勇
Nice_临汾,侯马沃爱生活
Nice_临汾,吼里泄特
Nice_临汾,狐狸妖妖yun
Nice_临汾,虎晓颖丶
Nice_临汾,花非花雾中雾
Nice_临汾,花田0-0
Nice_临汾,花峙
Nice_临汾,坏妞妞丫头
Nice_临汾,欢乐的幸运的落落
Nice_临汾,灰太狼他哥的哥
Nice_临汾,霍玲瑶-
Nice_临汾,吉Lawrence
Nice_临汾,记忆Only
Nice_临汾,甲壳虫姐姐
Nice_临汾,简单幸福的窝窝
Nice_临汾,见习爱-瑾艺
Nice_临汾,绛州牧
Nice_临汾,ㄟ_
Nice_临汾,杰走天下007
Nice_临汾,睫毛自己看不见
Nice_临汾,矜持在骚动
Nice_临汾,精彩哥l
Nice_临汾,九轩藜箬
Nice_临汾,旧旧旧旧旧恋Baby
Nice_临汾,就事论事述我主见
Nice_临汾,就要彦子
Nice_临汾,具有潜力的_MAN
Nice_临汾,涓儿啊
Nice_临汾,开心的忘了怎么哭
Nice_临汾,空白不是没有语言
Nice_临汾,孔海俊
Nice_临汾,快刀169
Nice_临汾,快乐ugly
Nice_临汾,快乐的小蜗牛8
Nice_临汾,快乐它哥
Nice_临汾,宽--恕
Nice_临汾,昆仑山--LIN
Nice_临汾,懒虫小敏感
Nice_临汾,懒小猴阿健
Nice_临汾,老漂圣上
Nice_临汾,雷厉风行007乐园
Nice_临汾,冷小汐090801
Nice_临汾,李佳裔
Nice_临汾,李维佳_hero
Nice_临汾,李小咪Yumi
Nice_临汾,李志洁
Nice_临汾,良品茉莉
Nice_临汾,亮品天下L
Nice_临汾,林儿555
Nice_临汾,临汾琳晶通雪佛兰4S店
Nice_临汾,临汾市途乐旅行社
Nice_临汾,凌风傲霜雪
Nice_临汾,聆听佛吟
Nice_临汾,刘夏_guitar
Nice_临汾,刘易铭匀
Nice_临汾,留待有缘
Nice_临汾,龙成骑士
Nice_临汾,璐的小C
Nice_临汾,马思浓
Nice_临汾,R俊剑
Nice_临汾,麦兜honey的MM
Nice_临汾,玫瑰舞者
Nice_临汾,美女木公
Nice_临汾,米粉兔妹
Nice_临汾,面包手爱德华
Nice_临汾,陌-某-人
Nice_临汾,莫雨
Nice_临汾,莫子熙-
Nice_临汾,默写不出的情猜不出的爱
Nice_临汾,木初夏
Nice_临汾,木亦美丽
Nice_临汾,那缕缕阳光
Nice_临汾,那些千古佳话
Nice_临汾,你的微笑像朵花w
Nice_临汾,你喜欢的蜜
Nice_临汾,HoAnny
Nice_临汾,女壮士小YingR
Nice_临汾,欧小麦要学好英语
Nice_临汾,怕失去是郭米芾的本性
Nice_临汾,盘底洋葱_
Nice_临汾,抛弃双鱼-啊
Nice_临汾,彭彭找丁满
Nice_临汾,芊芊晶竹
Nice_临汾,亲爱的不二jxr
Nice_临汾,亲亲--亲爱的小孩
Nice_临汾,勤奋的公正何在
Nice_临汾,勤劳--怡然
Nice_临汾,清新一下喽
Nice_临汾,清扬xzlt
Nice_临汾,庆ontheroad
Nice_临汾,任思尧Szeyiu
Nice_临汾,若幻即离
Nice_临汾,沙砾E轩
Nice_临汾,山人789
Nice_临汾,山西kelly
Nice_临汾,山西大槐树下
Nice_临汾,山西郭晓杰
Nice_临汾,山西石头安利
Nice_临汾,山西夜归人
Nice_临汾,善良天涯海角
Nice_临汾,殇依旧那么浓
Nice_临汾,上只你
Nice_临汾,申辰杨子
Nice_临汾,沈源2011
Nice_临汾,师大王冬洁
Nice_临汾,诗人De蒲公英
Nice_临汾,石头吃饭
Nice_临汾,时间的灰LOVE
Nice_临汾,世界向右倾斜
Nice_临汾,逝去sky
Nice_临汾,手镯儿
Nice_临汾,水气的故事
Nice_临汾,水云天-蕾
Nice_临汾,宋超不陌生
Nice_临汾,宋朕Paranoid
Nice_临汾,槿儿
Nice_临汾,她若念lin
Nice_临汾,倘若我已檫^去
Nice_临汾,淘之_宝
Nice_临汾,m-唱情歌
Nice_临汾,婷婷DP
Nice_临汾,通志远洋
Nice_临汾,童之琢墨Gloria
Nice_临汾,兔儿小米
Nice_临汾,d夜深沉d
Nice_临汾,王彩小屋
Nice_临汾,王俊美
Nice_临汾,王-琳-
Nice_临汾,王亭丹
Nice_临汾,王小洁嘟嘟
Nice_临汾,王爷欧巴
Nice_临汾,王正阳Young
Nice_临汾,王子涵日记
Nice_临汾,王子影0
Nice_临汾,为你为爱走天涯
Nice_临汾,文艺小青年HH
Nice_临汾,我爱Mik
Nice_临汾,我就爱红妆
Nice_临汾,我是_哼哼将
Nice_临汾,我是骄傲小公主
Nice_临汾,沃牛成
Nice_临汾,无聊123blog
Nice_临汾,吾心戚戚
Nice_临汾,吴洋洋12138
Nice_临汾,西岳东邻
Nice_临汾,乡宁追逃
Nice_临汾,香水百荷001
Nice_临汾,翔宝守护星
Nice_临汾,翔子0王鹏翔0
Nice_临汾,想你就像心跳LTe
Nice_临汾,萧锦楠
Nice_临汾,潇霄cappuccino
Nice_临汾,小肠肠
Nice_临汾,小德强强
Nice_临汾,小狗多多2011
Nice_临汾,小黑很lucky
Nice_临汾,小伙岩
Nice_临汾,小江_rar
Nice_临汾,小洁252
Nice_临汾,小梁子梁洁
Nice_临汾,小马在飞
Nice_临汾,小女_Smile
Nice_临汾,小胖子要逆转
Nice_临汾,小皮LL
Nice_临汾,小甜甜007小屋
Nice_临汾,小幸福Emily
Nice_临汾,小烟儿冒着
Nice_临汾,小燕的生活
Nice_临汾,笑影秋穗
Nice_临汾,心缘若水2011
Nice_临汾,辛苦的司机
Nice_临汾,馨月201004
Nice_临汾,幸福ING624
Nice_临汾,悻福达子
Nice_临汾,熊宝宝快跑
Nice_临汾,徐侠侠侠客
Nice_临汾,雪雪李雪雪
Nice_临汾,雪原浪子9420
Nice_临汾,艳娟2011
Nice_临汾,鬟
Nice_临汾,羊姥姥
Nice_临汾,姚丹anan
Nice_临汾,夜未央-0706
Nice_临汾,一个需要恋爱的夏天
Nice_临汾,一汽大众市场部
Nice_临汾,一切成空
Nice_临汾,依旧西瓜太郎
Nice_临汾,樱花香贵
Nice_临汾,颖迷丽
Nice_临汾,勇Bless
Nice_临汾,有若平民
Nice_临汾,于子喵echo
Nice_临汾,雨中印季
Nice_临汾,媛媛小乌托
Nice_临汾,远山1234
Nice_临汾,云卷云舒0922
Nice_临汾,云-浅雪
Nice_临汾,云中非龙_小李子
Nice_临汾,张杰豪1991
Nice_临汾,张小_妮
Nice_临汾,张秀敏幸福
Nice_临汾,张智文-
Nice_临汾,x1ao萌
Nice_临汾,赵小牛2011
Nice_临汾,折戟葬刀身归土
Nice_临汾,珍哥很帅
Nice_临汾,苗同W
Nice_临汾,致命快感丿
Nice_临汾,中国山西陈军
Nice_临汾,仲夏的海边
Nice_临汾,周子喻Nick
Nice_临汾,猪猪的宝贝猫
Nice_临汾,庄海娃
Nice_临汾,紫色屋檐
ooof,_I_O
ooof,90后小子yang
ooof,ankou_
ooof,Being柳
ooof,Bitcoin
ooof,bnuleo
ooof,BroadEdu-蓝枫
ooof,clemsos
ooof,DataV
ooof,Elearning学研
ooof,Franklin_EMINEM
ooof,guangdian
ooof,IF城市创想
ooof,IS小把戏
ooof,i企鹅
ooof,jeanyim
ooof,JIA凤-坚持到底
ooof,jollyworm
ooof,Lady广大
ooof,MG病友之家
ooof,NGO20
ooof,OliverDing
ooof,POPOEVER
ooof,qinqin
ooof,silsnow
ooof,smile_forever2012
ooof,snowioio
ooof,super_静儿123
ooof,Swordi
ooof,TANK坦克打飞机
ooof,theliuyan
ooof,totetmatt
ooof,VIZMIND
ooof,waffler22
ooof,wuzhiwo
ooof,XiaLin_Lisa
ooof,xiulizhuang
ooof,Y_owen
ooof,阿力克狮
ooof,艾蓝珂领袖
ooof,安猪安心做猪
ooof,北京大学可视化研究组
ooof,本我-白莹
ooof,比偶的一生
ooof,彼岸之南
ooof,避免做凤雏
ooof,冰凌依念
ooof,博兴路
ooof,采拾
ooof,p~
ooof,大学生联盟旅行
ooof,豆芽菜me
ooof,恩来义工方红
ooof,二两银子
ooof,芳菲小猪919
ooof,汾西联通平凡的我
ooof,公益草草
ooof,郭大虾
ooof,郭海燕v
ooof,胡泳
ooof,环保海报栏
ooof,建博姓李
ooof,九州生JZSQ
ooof,-旧时光是个美人-
ooof,可视化田东
ooof,困兽
ooof,李明山-走西口
ooof,历史何老师
ooof,临汾日报广告部刘勇
ooof,临汾生活小编
ooof,临汾声音
ooof,临汾天朝网络
ooof,流浪客---Lisle
ooof,泷洧
ooof,卢刚
ooof,路人甲也受伤
ooof,乱拍007
ooof,马力wa
ooof,麦课在线-孙洪伟
ooof,民勤
ooof,墨月紫竹
ooof,暮鼓
ooof,欧阳不通
ooof,潘尼克
ooof,皮星星
ooof,平八_数据挖掘
ooof,牵牛花o
ooof,清渠阁居士
ooof,清徐曾哥
ooof,趣奇网
ooof,三晋帅哥董杰
ooof,山西临汾七少爷
ooof,商丘职院微博
ooof,身体语言赴英
ooof,升腾的海水
ooof,视物致知
ooof,数据挖掘_PHP
ooof,水晶镜子
ooof,思乡度母绿
ooof,孙果贝尔爱慈善
ooof,汤富源
ooof,天高云淡oo
ooof,田宪允
ooof,万事如分
ooof,汪旭东-ustc
ooof,王武彬Ecko
ooof,网易数读
ooof,我要公益网官网
ooof,吾实事求是
ooof,吴长城Davis
ooof,五道口奥萨玛
ooof,夏至未达luzerne
ooof,肖瑞峰
ooof,小荷才露尖尖的角
ooof,小田先生tc
ooof,小雍子
ooof,许江律师
ooof,亚信西部数据技术
ooof,杨慧斌还是杨慧斌
ooof,殷建松
ooof,莺啼晓
ooof,张博-Bobby
ooof,张律师工作室
ooof,张茹玮
ooof,张小暖
ooof,臻臻真真
ooof,拯救民勤志愿者协会
ooof,中国科大芳草社
ooof,中国印度龙象共舞
ooof,中科大谢栋
ooof,中科大周荣庭
ooof,舟山dannyyu
ooof,追梦爱心换书计划
ooof,自然之友
ooof,醉葫芦
ooof,佐拉
super_静儿123,______落寞
super_静儿123,7酱__冬__半迷半糊半嘟m__lin
super_静儿123,8090潮衣
super_静儿123,96pigking
super_静儿123,bie家族
super_静儿123,Bodhi_lee
super_静儿123,c不our枯age
super_静儿123,D_Shork
super_静儿123,Evil黯
super_静儿123,gook123网微博
super_静儿123,H馅儿的包子
super_静儿123,jas非
super_静儿123,ooof
super_静儿123,RIVER-BEGINNER
super_静儿123,Sophia-Chu
super_静儿123,sweet玫玫
super_静儿123,yqlqm168a
super_静儿123,zeza
super_静儿123,zhayzhe
super_静儿123,zxd笑靥如花兰
super_静儿123,阿迷可儿
super_静儿123,白米饭-饭
super_静儿123,贝儿2009
super_静儿123,碧云月西花天
super_静儿123,别的小朋友们
super_静儿123,冰凌鱼儿
super_静儿123,超级无敌三八红旗手
super_静儿123,迪克上尉
super_静儿123,钓鱼岛拖死美国和小日本
super_静儿123,杜景伟
super_静儿123,杜小纯cc
super_静儿123,尔手中A残香
super_静儿123,二龙山的土匪
super_静儿123,飞翔的心快乐
super_静儿123,罐头瓶子BH
super_静儿123,寒羽20111022
super_静儿123,贺娅娜
super_静儿123,欢乐的花儿笑笑
super_静儿123,姜花花花
super_静儿123,杰娜幸福521
super_静儿123,卡哇伊卡哇伊的
super_静儿123,空灵---天空
super_静儿123,乐月大帝1732
super_静儿123,冷热金
super_静儿123,李雷强
super_静儿123,李小咪Yumi
super_静儿123,临汾黄正东
super_静儿123,临汾京铁国际旅行社88
super_静儿123,临汾李天恩
super_静儿123,临汾锣鼓桥上海大众汽车微博
super_静儿123,临汾水良白
super_静儿123,临汾中国旅行社
super_静儿123,罗罗爱卡应
super_静儿123,明燕-yanzi
super_静儿123,陌南曦
super_静儿123,木易的幻想
super_静儿123,木子nana
super_静儿123,漂凌鲁鲁
super_静儿123,品香书阁
super_静儿123,铅笔黑诺言
super_静儿123,翘起的嘴角
super_静儿123,全球顶级笑话
super_静儿123,人体红太阳
super_静儿123,任宝宝-勿忘心安
super_静儿123,如风摇曳
super_静儿123,山西移动
super_静儿123,善良的静宝贝
super_静儿123,上官00
super_静儿123,哨兵鲁鲁
super_静儿123,升腾的海水
super_静儿123,生生不惜123
super_静儿123,着阳咣--着你
super_静儿123,水墨弹球
super_静儿123,水木晴莺
super_静儿123,随风而逝me
super_静儿123,孙果贝尔爱慈善
super_静儿123,他管我叫宝贝
super_静儿123,完全没有创意
super_静儿123,忘记过去的辉煌重新学起
super_静儿123,我不聪明不漂亮不温柔
super_静儿123,我是豆豆吖
super_静儿123,无v色
super_静儿123,喜羊羊的表姐
super_静儿123,夏之雨儿
super_静儿123,潇子爱自由
super_静儿123,小胖女
super_静儿123,笑苏三
super_静儿123,心宽要想海
super_静儿123,幸福到永远
super_静儿123,熊猫-lee欣滢
super_静儿123,燕子高琴
super_静儿123,尧乡之子
super_静儿123,夜的白_
super_静儿123,衣顺利
super_静儿123,莹莹莹莹莹-lee
super_静儿123,哟-猪猪侠
super_静儿123,雨晨mic
super_静儿123,云海栀子花
super_静儿123,在这温暖一刻
super_静儿123,这样做没错
super_静儿123,真的-简单就好
super_静儿123,追寻你的名字
super_静儿123,梓枫是疯子Siler
super_静儿123,嘴角泛起的淡漠
waffler22,c纯净水
waffler22,hitaowoo
waffler22,ooof
waffler22,Samzh168
waffler22,wuzhiwo
waffler22,Yu小璐
waffler22,存活A理性
waffler22,豆瓣酱的小窝
waffler22,奋斗态的小M
waffler22,耿鑫super鑫
waffler22,静MissRight
waffler22,梨梨梨梨LILILILIL
waffler22,驴乐驴
waffler22,美美的微薄
waffler22,梦想非真
waffler22,默默的窝
waffler22,失心疯_五块钱
waffler22,腿特粗dakan
waffler22,雪月呢喃
waffler22,爰爰天闵
wuzhiwo,0猪儿0
wuzhiwo,1982Ted
wuzhiwo,80后阿姨
wuzhiwo,AAllureLove
wuzhiwo,a小九a
wuzhiwo,best恬然
wuzhiwo,ce乖乖宝贝333
wuzhiwo,c不our枯age
wuzhiwo,daoshengcun
wuzhiwo,digitip
wuzhiwo,heyiming
wuzhiwo,ilim8882399414083
wuzhiwo,Jieer
wuzhiwo,koipp
wuzhiwo,le0405
wuzhiwo,leeronger
wuzhiwo,Lily-Oct
wuzhiwo,lmsh
wuzhiwo,LoVeNo
wuzhiwo,mari19860323
wuzhiwo,Melinda小雅
wuzhiwo,M默念
wuzhiwo,NickLee
wuzhiwo,OnlyMason
wuzhiwo,ooof
wuzhiwo,pualeirk
wuzhiwo,QINNANLOVEXIAO1990
wuzhiwo,RIVER-BEGINNER
wuzhiwo,shuiguangjietian
wuzhiwo,Smile丶浅伤love
wuzhiwo,spring时光
wuzhiwo,Summer如花美眷
wuzhiwo,sxlf
wuzhiwo,waffler22
wuzhiwo,wutixinshi03
wuzhiwo,YY与JJ
wuzhiwo,zxy_com
wuzhiwo,阿容
wuzhiwo,爱为心上锁
wuzhiwo,薄荷浅草
wuzhiwo,宝贝花园2010
wuzhiwo,笨笨w的耐杰
wuzhiwo,尾巴狼
wuzhiwo,彼岸-鸵鸟
wuzhiwo,彼岸之南
wuzhiwo,玻璃上亲嘴急死人
wuzhiwo,残青死舞
wuzhiwo,草莓控
wuzhiwo,常晓燕卓
wuzhiwo,陈锦云
wuzhiwo,赤道上的北极
wuzhiwo,赤耳尧
wuzhiwo,窗口的巴黎
wuzhiwo,大牛1989
wuzhiwo,大学生联盟旅行
wuzhiwo,低调的低
wuzhiwo,滴上的
wuzhiwo,东方出版中心
wuzhiwo,杜以朋
wuzhiwo,尔马莉
wuzhiwo,发米嘞
wuzhiwo,范纯洁
wuzhiwo,{
wuzhiwo,非无衣
wuzhiwo,风景都看透
wuzhiwo,逢玉九久
wuzhiwo,福福猪
wuzhiwo,感控快线
wuzhiwo,鸽子飞飞过
wuzhiwo,狗熊捉鱼
wuzhiwo,咕噜-小辉
wuzhiwo,古县588信息
wuzhiwo,顾梁仓9168
wuzhiwo,国康_国人安康
wuzhiwo,果苹的上树
wuzhiwo,果陀
wuzhiwo,行店
wuzhiwo,好好的121
wuzhiwo,活不明白客
wuzhiwo,记忆像一叶小舟
wuzhiwo,继续_呐喊817
wuzhiwo,稷王人
wuzhiwo,家燕儿
wuzhiwo,剑峰888
wuzhiwo,艽诟乖乖
wuzhiwo,静波冀
wuzhiwo,静姬还在吗
wuzhiwo,九乘Taurus
wuzhiwo,娟娟0
wuzhiwo,珂珂部落
wuzhiwo,孔夫子-曰
wuzhiwo,蓝梦2012
wuzhiwo,老鹰博士
wuzhiwo,冷却孤单
wuzhiwo,李怀鑫
wuzhiwo,李雷强
wuzhiwo,李小随
wuzhiwo,李鑫果儿
wuzhiwo,临汾水良白
wuzhiwo,龙凤呈祥2
wuzhiwo,芦顶山人
wuzhiwo,路平57
wuzhiwo,落雪芬飞
wuzhiwo,旅行的意义-重走青春
wuzhiwo,绿色港湾
wuzhiwo,马克图布V
wuzhiwo,麦天
wuzhiwo,孟瑶-舫主梦非梦
wuzhiwo,迷失的小样
wuzhiwo,明日宝宝
wuzhiwo,陌路人心
wuzhiwo,默默的窝
wuzhiwo,木瓜2395232441
wuzhiwo,泥芽
wuzhiwo,念宝一生
wuzhiwo,牛就得逼吗
wuzhiwo,牛明177
wuzhiwo,朴哥
wuzhiwo,牵牛花o
wuzhiwo,强弩
wuzhiwo,青木和尚
wuzhiwo,清新先森
wuzhiwo,请进119
wuzhiwo,秋思1263
wuzhiwo,趣味地理
wuzhiwo,任晓小
wuzhiwo,茹2012
wuzhiwo,沙漠之水8
wuzhiwo,傻博士001
wuzhiwo,山西翼城馨海物流
wuzhiwo,书山寻路
wuzhiwo,水晶镜子
wuzhiwo,水木尔雅
wuzhiwo,四魔
wuzhiwo,孙果贝尔爱慈善
wuzhiwo,太史政
wuzhiwo,躺在驴背上唱歌
wuzhiwo,天架线
wuzhiwo,田胖ai奶牙
wuzhiwo,听堤
wuzhiwo,廷巴克图
wuzhiwo,婷LAO妈
wuzhiwo,王珍Elian
wuzhiwo,伪低调者
wuzhiwo,温柔小月
wuzhiwo,我不聪明不漂亮不温柔
wuzhiwo,我违法了
wuzhiwo,我想要我喜欢
wuzhiwo,沃土寒士
wuzhiwo,无题心事
wuzhiwo,五号线7311
wuzhiwo,舞动的风神
wuzhiwo,西凉城
wuzhiwo,嘻嘻客
wuzhiwo,侠士有志
wuzhiwo,肖芷彤
wuzhiwo,小干馍片
wuzhiwo,小佳幸福ing
wuzhiwo,小帅宝宝
wuzhiwo,笑影秋穗
wuzhiwo,心的寒季
wuzhiwo,心怀阳光
wuzhiwo,心里的那些话儿
wuzhiwo,新浪视频
wuzhiwo,幸福到永远
wuzhiwo,幸福神话2011
wuzhiwo,许明_我在现场
wuzhiwo,雪原浪子9420
wuzhiwo,丫头Life
wuzhiwo,阳光在
wuzhiwo,夜的白_
wuzhiwo,一写忆
wuzhiwo,逸蜓
wuzhiwo,饮水思源1009
wuzhiwo,英国王妃知多少
wuzhiwo,赢弱的心
wuzhiwo,幽默冷笑话语录段子
wuzhiwo,尤傲涵
wuzhiwo,有叶子的蔬菜
wuzhiwo,这样-也罢
wuzhiwo,治愈系心理学
wuzhiwo,周熙律师
wuzhiwo,紫藤花园
艾蓝珂领袖,ooof
艾蓝珂领袖,艾蓝珂商学堂
艾蓝珂领袖,冯瑞丽005
艾蓝珂领袖,品香书阁
艾蓝珂领袖,太极催眠郑小明
艾蓝珂领袖,永远的一米五九
爱美团爱临汾,__zZ__zZ
爱美团爱临汾,78随缘
爱美团爱临汾,Amazon-J
爱美团爱临汾,Bodhi_lee
爱美团爱临汾,hmniyuan
爱美团爱临汾,ljh186
爱美团爱临汾,Morning_sunny
爱美团爱临汾,Optimus2是奋斗ing的靠谱女斗士
爱美团爱临汾,Timetosaybyebye
爱美团爱临汾,touch-荣
爱美团爱临汾,XF飘
爱美团爱临汾,安泽186
爱美团爱临汾,晨晨丶宝
爱美团爱临汾,璀璨命莫名泪
爱美团爱临汾,淡淡的真_润和
爱美团爱临汾,杜大拿
爱美团爱临汾,汾西侯平
爱美团爱临汾,汾西联通平凡的我
爱美团爱临汾,烽火R年华
爱美团爱临汾,符
爱美团爱临汾,乖乖的忧郁的蓝色
爱美团爱临汾,关注越多精彩更多
爱美团爱临汾,海的深度W
爱美团爱临汾,和谐痴呆
爱美团爱临汾,花J墩子
爱美团爱临汾,黄土高坡的土老帽
爱美团爱临汾,贾张锋临汾
爱美团爱临汾,精彩沃派
爱美团爱临汾,快乐王子ye
爱美团爱临汾,蓝色神话恋
爱美团爱临汾,离-若殇
爱美团爱临汾,李雷强
爱美团爱临汾,联通芳冰
爱美团爱临汾,联通永安
爱美团爱临汾,联通张静杰
爱美团爱临汾,临汾范炜
爱美团爱临汾,临汾高洁
爱美团爱临汾,临汾古装苑
爱美团爱临汾,临汾韩红兵
爱美团爱临汾,临汾老段0108
爱美团爱临汾,临汾联花
爱美团爱临汾,临汾联通成保强
爱美团爱临汾,临汾联通郭腊琴
爱美团爱临汾,临汾联通兰文伟
爱美团爱临汾,临汾联通任刚
爱美团爱临汾,临汾鲁松
爱美团爱临汾,临汾宁夏
爱美团爱临汾,临汾生活小编
爱美团爱临汾,临汾水良白
爱美团爱临汾,临汾田丰
爱美团爱临汾,流星雨的记录
爱美团爱临汾,猫-小华
爱美团爱临汾,毛小东00000000
爱美团爱临汾,美团东营
爱美团爱临汾,美团郝东敏
爱美团爱临汾,美团临汾
爱美团爱临汾,美团西安
爱美团爱临汾,喵咪烟火
爱美团爱临汾,莫言babara
爱美团爱临汾,你会不会再回来
爱美团爱临汾,乒乓九段
爱美团爱临汾,亲_美妞Y
爱美团爱临汾,秋天的蜗牛儿V
爱美团爱临汾,山西兰草
爱美团爱临汾,山西李旭峰
爱美团爱临汾,山西临汾纸鸢
爱美团爱临汾,山西刘文景
爱美团爱临汾,生活WO精彩
爱美团爱临汾,蒜蒜R-
爱美团爱临汾,田园悲伤
爱美团爱临汾,眺眺爹
爱美团爱临汾,王雁晋
爱美团爱临汾,王重一
爱美团爱临汾,网优舞动人生
爱美团爱临汾,沃精彩-沃生活
爱美团爱临汾,沃浪涛沙
爱美团爱临汾,小皮LL
爱美团爱临汾,小幸福Emily
爱美团爱临汾,翼城刘孔英
爱美团爱临汾,永不放弃的|子
爱美团爱临汾,折戟葬刀身归土
爱美团爱临汾,中国联通cnyp
爱美团爱临汾,肘子HONEY
爱美团爱临汾,珠圆玉润YR
爱美团爱临汾,梓枫是疯子Siler
彼岸之南,1-1明
彼岸之南,7天的奇迹瘦8斤
彼岸之南,c不our枯age
彼岸之南,InStyle
彼岸之南,Liberty_小晨
彼岸之南,L--盆盆
彼岸之南,Nokia那些事儿
彼岸之南,ooof
彼岸之南,Summer勿忘心安
彼岸之南,tracy894
彼岸之南,wuzhiwo
彼岸之南,Zzz_7
彼岸之南,爱D王倩楠
彼岸之南,傲世凌宇衿衿我心
彼岸之南,er-Goly-御姐
彼岸之南,不曾记何来忘
彼岸之南,垂死的虱子
彼岸之南,春风秋叶
彼岸之南,大牛1989
彼岸之南,大唐网-三少
彼岸之南,大学生联盟旅行
彼岸之南,道心行止
彼岸之南,锋芒FOREVER
彼岸之南,阁楼上的阿貂
彼岸之南,好运常在3862
彼岸之南,叫我老杨就行
彼岸之南,旧日好时光
彼岸之南,军璋
彼岸之南,孔夫子-曰
彼岸之南,拉手网临汾站
彼岸之南,来自北极的风
彼岸之南,李志鹏私想者_MU
彼岸之南,临汾锣鼓桥上海大众汽车微博
彼岸之南,临汾生活小编
彼岸之南,临汾水良白
彼岸之南,零度手温暖
彼岸之南,流g通讯
彼岸之南,陆子白
彼岸之南,每日笑话榜
彼岸之南,明明萌
彼岸之南,那些美好逝去
彼岸之南,潘驻梯
彼岸之南,裴小爱o
彼岸之南,平凡人1985彭国亮
彼岸之南,琪琪制服嘻嘻
彼岸之南,如果这一刻我遇见你
彼岸之南,山西大兵
彼岸之南,山西壹比零
彼岸之南,似风-似水
彼岸之南,手机用户2926902807
彼岸之南,睡不着的鱼4886
彼岸之南,苏格拉___帝
彼岸之南,太原富力
彼岸之南,太原恋上摄影幸福影像
彼岸之南,甜甜爱丹
彼岸之南,听说-枫叶
彼岸之南,婷婷飞飞飞
彼岸之南,王梅梅rita
彼岸之南,王子轩008
彼岸之南,我爱我林
彼岸之南,我有沙发你有吗
彼岸之南,吾实事求是
彼岸之南,武宏宇2011
彼岸之南,悟--农业爱好者
彼岸之南,惜君如常1989
彼岸之南,肖倩michelle
彼岸之南,笑淞o-霞
彼岸之南,幸福的人2009
彼岸之南,亚多模2637383567
彼岸之南,杨钰敏敏敏敏敏敏敏
彼岸之南,-一顾倾城-
彼岸之南,一剑飘香2010
彼岸之南,一默奇葩
彼岸之南,优乐品网
彼岸之南,宅男健康计划
彼岸之南,张恫兵
彼岸之南,长野2011
彼岸之南,真才子
彼岸之南,最帅的矮穷挫
芳菲小猪919,72楼明月
芳菲小猪919,Dora大头和她的Amy小多
芳菲小猪919,ooof
芳菲小猪919,爱黑呀一二呀
芳菲小猪919,爱养花的南瓜
芳菲小猪919,北北落师门
芳菲小猪919,北京皮皮鲁书店
芳菲小猪919,不具匠心
芳菲小猪919,拥
芳菲小猪919,河北--醉
芳菲小猪919,胡丹07
芳菲小猪919,花见花暖
芳菲小猪919,浆糊团子
芳菲小猪919,静女其姝100
芳菲小猪919,凉风满袖
芳菲小猪919,马克_豆丁
芳菲小猪919,马克16
芳菲小猪919,起名真难啊啊啊啊
芳菲小猪919,瑞喜
芳菲小猪919,水晶镜子
芳菲小猪919,糖豆囝
芳菲小猪919,挑灯看不见
芳菲小猪919,蔚蓝梦儿
芳菲小猪919,温榆河畔好耕田
芳菲小猪919,西安-唐三彩
芳菲小猪919,小茉Anny
芳菲小猪919,尧乡之子
芳菲小猪919,一只魔法盒子
芳菲小猪919,缨觉荏苒
芳菲小猪919,悠然行
芳菲小猪919,悠扬牧笛
芳菲小猪919,雨丝的点滴
芳菲小猪919,张健V了谁的BO
汾西联通平凡的我,__zZ__zZ
汾西联通平凡的我,001偶然
汾西联通平凡的我,0378沃
汾西联通平凡的我,114折扣通
汾西联通平凡的我,18604664971wo
汾西联通平凡的我,18635805026lf
汾西联通平凡的我,18646714003wo
汾西联通平凡的我,186爱琴海
汾西联通平凡的我,1999天涯客
汾西联通平凡的我,1的I
汾西联通平凡的我,2011-精彩在沃
汾西联通平凡的我,2367-木子
汾西联通平凡的我,2581ywp
汾西联通平凡的我,2儿2-联通孟莹
汾西联通平凡的我,363843190_25801c
汾西联通平凡的我,3G行者
汾西联通平凡的我,3G时代沃精彩
汾西联通平凡的我,3G体验弟
汾西联通平凡的我,3G通迅
汾西联通平凡的我,5523太阳雨
汾西联通平凡的我,70467WO
汾西联通平凡的我,7581c
汾西联通平凡的我,78随缘
汾西联通平凡的我,8090赚钱宝典
汾西联通平凡的我,Alex_Force
汾西联通平凡的我,Ali1569
汾西联通平凡的我,A四川联通巴中董仕凯
汾西联通平凡的我,bbktx
汾西联通平凡的我,BOb1981宝贝
汾西联通平凡的我,CQNNG
汾西联通平凡的我,crm水之恋
汾西联通平凡的我,CU王峰
汾西联通平凡的我,devil_胖胖
汾西联通平凡的我,DJ侯马
汾西联通平凡的我,dq天空之城
汾西联通平凡的我,Echo_ESD
汾西联通平凡的我,Eva_雪
汾西联通平凡的我,F1-小Ro
汾西联通平凡的我,F4星闻
汾西联通平凡的我,fangfei微博
汾西联通平凡的我,feliz1202
汾西联通平凡的我,flying_dance123
汾西联通平凡的我,guoliang2602
汾西联通平凡的我,happy丹丹2010
汾西联通平凡的我,helen956
汾西联通平凡的我,Hmlaohu
汾西联通平凡的我,hmniyuan
汾西联通平凡的我,HM简单的幸福
汾西联通平凡的我,HM落雪是花
汾西联通平凡的我,house127
汾西联通平凡的我,huangtc0089
汾西联通平凡的我,Hy辰CC
汾西联通平凡的我,i秦筝
汾西联通平凡的我,JC-涂海洋
汾西联通平凡的我,jl徐光明
汾西联通平凡的我,jwl1216
汾西联通平凡的我,kanong
汾西联通平凡的我,KEXKCT
汾西联通平凡的我,KGKGLT
汾西联通平凡的我,l-am韦敏
汾西联通平凡的我,LBDX于恩义
汾西联通平凡的我,LFSJqj
汾西联通平凡的我,Lfyzt
汾西联通平凡的我,Lisa的桐言桐语
汾西联通平凡的我,Little-dragon007
汾西联通平凡的我,ljh186
汾西联通平凡的我,LY鹰击长空
汾西联通平凡的我,mdjunicom陶建辉
汾西联通平凡的我,MG联通剑客
汾西联通平凡的我,MG孟静
汾西联通平凡的我,MiPow
汾西联通平凡的我,Mr_w蝗
汾西联通平凡的我,mzhyy2218
汾西联通平凡的我,ooof
汾西联通平凡的我,OP霆
汾西联通平凡的我,o思-想-者o
汾西联通平凡的我,O沃O德山张滔
汾西联通平凡的我,policehu
汾西联通平凡的我,qianggy
汾西联通平凡的我,QQ斗
汾西联通平凡的我,qxj寂寞梧桐
汾西联通平凡的我,Q菜籽
汾西联通平凡的我,RELOADNOW
汾西联通平凡的我,Renjunzhen
汾西联通平凡的我,Scorpio阿星
汾西联通平凡的我,se7en-liu
汾西联通平凡的我,shannoon的芷涵
汾西联通平凡的我,Shellyfang
汾西联通平凡的我,Shltsgw
汾西联通平凡的我,shu_junhui
汾西联通平凡的我,sina互粉机
汾西联通平凡的我,Sxcxy
汾西联通平凡的我,sxguoyun
汾西联通平凡的我,SXHMQY
汾西联通平凡的我,SXJC郭涛
汾西联通平凡的我,sy竹英
汾西联通平凡的我,tangzhongping
汾西联通平凡的我,Timetosaybyebye
汾西联通平凡的我,T-Tang唐
汾西联通平凡的我,TY张吉
汾西联通平凡的我,unicomly
汾西联通平凡的我,Unicom涛声依旧
汾西联通平凡的我,Vsens_山西常艳琴
汾西联通平凡的我,WANG}
汾西联通平凡的我,Wendy--cc
汾西联通平凡的我,whywhy6211
汾西联通平凡的我,wiltiffanytina
汾西联通平凡的我,wo_织围脖
汾西联通平凡的我,wowowojiajiajia
汾西联通平凡的我,Wo憧憬未来
汾西联通平凡的我,WO船长
汾西联通平凡的我,wo感到一束光把我照亮
汾西联通平凡的我,Wo寒松
汾西联通平凡的我,WO很真实
汾西联通平凡的我,wo领天下先
汾西联通平凡的我,wo随行
汾西联通平凡的我,Wo笑傲江湖
汾西联通平凡的我,wo在鼎城联通
汾西联通平凡的我,Wtlt姚瑶
汾西联通平凡的我,w碟碟
汾西联通平凡的我,XF飘
汾西联通平凡的我,xiaoqiao510
汾西联通平凡的我,xue_hui
汾西联通平凡的我,ycydzh
汾西联通平凡的我,Yyhuangdi
汾西联通平凡的我,Z985656
汾西联通平凡的我,Zhanglinqing0050
汾西联通平凡的我,阿果1100
汾西联通平凡的我,阿辉186
汾西联通平凡的我,艾莎莉唐
汾西联通平凡的我,爱的领域小窝窝
汾西联通平凡的我,爱恋丶温柔
汾西联通平凡的我,爱美团爱临汾
汾西联通平凡的我,爱乌及屋子
汾西联通平凡的我,凵0721
汾西联通平凡的我,安安教育家培主任吴蕊
汾西联通平凡的我,安徽郭琼
汾西联通平凡的我,安徽-联通网建1
汾西联通平凡的我,安顺联通吴狄
汾西联通平凡的我,安乡联通白艳
汾西联通平凡的我,安乡联通傅君
汾西联通平凡的我,安乡联通-何杰
汾西联通平凡的我,安乡联通孔春
汾西联通平凡的我,安乡联通刘建
汾西联通平凡的我,安乡联通--罗丽
汾西联通平凡的我,安乡联通-杨帆
汾西联通平凡的我,安乡联通张琪
汾西联通平凡的我,安泽联通-沃3G
汾西联通平凡的我,俺本俗人
汾西联通平凡的我,巴州博湖自办厅胡芳芳
汾西联通平凡的我,捌两髯
汾西联通平凡的我,白桦林i9100
汾西联通平凡的我,白开水0816
汾西联通平凡的我,白色荣儿
汾西联通平凡的我,白洋河联通
汾西联通平凡的我,伴你--灿烂的微笑
汾西联通平凡的我,蚌埠小马
汾西联通平凡的我,宝鸡联通客户俱乐部
汾西联通平凡的我,保山联通赵永军
汾西联通平凡的我,旱奶焓
汾西联通平凡的我,杯子宇
汾西联通平凡的我,北斗星1802
汾西联通平凡的我,北方瓦良格
汾西联通平凡的我,北京联通五区分公司
汾西联通平凡的我,贝思启咨询
汾西联通平凡的我,贝之妮防辐射高级服饰
汾西联通平凡的我,奔腾年代-2010
汾西联通平凡的我,笨笨熊家的豆
汾西联通平凡的我,毕岩dqunicom
汾西联通平凡的我,碧水蝶影
汾西联通平凡的我,别的小朋友们
汾西联通平凡的我,彬彬静悄悄
汾西联通平凡的我,斌爱大家
汾西联通平凡的我,滨江2009
汾西联通平凡的我,冰魄_卢晓凤
汾西联通平凡的我,冰魄-Lxf
汾西联通平凡的我,冰山一角WO
汾西联通平凡的我,不灭一哥哥
汾西联通平凡的我,蔡波1981
汾西联通平凡的我,n山洱海蝴蝶泉
汾西联通平凡的我,柴志刚-零距离传媒
汾西联通平凡的我,常德陈春华
汾西联通平凡的我,常德李淑文
汾西联通平凡的我,常德联通lucky滕滕
汾西联通平凡的我,常德联通蔡世平
汾西联通平凡的我,常德联通曹雷
汾西联通平凡的我,常德联通-陈敏
汾西联通平凡的我,常德联通-陈勇
汾西联通平凡的我,常德联通-城西-wo签
汾西联通平凡的我,常德联通程玲玲
汾西联通平凡的我,常德联通丰刚
汾西联通平凡的我,常德联通胡友辉
汾西联通平凡的我,常德联通蓝梦
汾西联通平凡的我,常德联通李爱国
汾西联通平凡的我,常德联通李纯
汾西联通平凡的我,常德联通林刚毅
汾西联通平凡的我,常德联通林勇
汾西联通平凡的我,常德联通刘慧
汾西联通平凡的我,常德联通罗凤
汾西联通平凡的我,常德联通毛雅晶
汾西联通平凡的我,常德联通孟祥梅
汾西联通平凡的我,常德联通-农校老李
汾西联通平凡的我,常德联通彭茗
汾西联通平凡的我,常德联通王振宇
汾西联通平凡的我,常德联通闻科
汾西联通平凡的我,常德联通五强溪
汾西联通平凡的我,常德联通--晓兰
汾西联通平凡的我,常德联通谢本辉
汾西联通平凡的我,常德联通兴科
汾西联通平凡的我,常德联通熊熊
汾西联通平凡的我,常德联通熊勇智
汾西联通平凡的我,常德联通杨燕
汾西联通平凡的我,常德联通余卓阳
汾西联通平凡的我,常德联通喻丽
汾西联通平凡的我,常德联通张芳华
汾西联通平凡的我,常德联通志宏通讯
汾西联通平凡的我,常德联通祝宾伟
汾西联通平凡的我,常德王海蓉
汾西联通平凡的我,常文瑾围脖
汾西联通平凡的我,超儿妈咪
汾西联通平凡的我,郴州李燕华
汾西联通平凡的我,陈迪乐在其中
汾西联通平凡的我,陈国栋杭州9
汾西联通平凡的我,成都先琦刘琦
汾西联通平凡的我,程桥联通
汾西联通平凡的我,程氏禽业
汾西联通平凡的我,程晓栋
汾西联通平凡的我,程艳凤SZ
汾西联通平凡的我,池州双酒窝
汾西联通平凡的我,赤峰联通任伟华
汾西联通平凡的我,滁州国美受理
汾西联通平凡的我,滁州国美蚊子
汾西联通平凡的我,滁州衣食住行与创业
汾西联通平凡的我,川子柏
汾西联通平凡的我,春天的小草h
汾西联通平凡的我,此乃赝名
汾西联通平凡的我,聪慧老爹
汾西联通平凡的我,崔茂峰0519
汾西联通平凡的我,崔敏醒
汾西联通平凡的我,璀璨命莫名泪
汾西联通平凡的我,翠山翠海
汾西联通平凡的我,存存的沃精彩
汾西联通平凡的我,打马楼伙计
汾西联通平凡的我,大力水手G1
汾西联通平凡的我,大侠枫杨
汾西联通平凡的我,大自然的幸福
汾西联通平凡的我,带雨的云991
汾西联通平凡的我,丹东联通电子渠道
汾西联通平凡的我,单飞行ZX
汾西联通平凡的我,单细胞部落
汾西联通平凡的我,单县联通欢乐车站
汾西联通平凡的我,单县联通陪同度过
汾西联通平凡的我,单县联通涛声依旧
汾西联通平凡的我,单县联通姚敬周
汾西联通平凡的我,旦旦4137
汾西联通平凡的我,淡淡的真_润和
汾西联通平凡的我,迪庆正午阳光
汾西联通平凡的我,帝尧宫
汾西联通平凡的我,点燃一支烟燃烧人生
汾西联通平凡的我,丁村文化
汾西联通平凡的我,鼎城联通袁红林
汾西联通平凡的我,定远驾驶员
汾西联通平凡的我,定远联通罗琳
汾西联通平凡的我,定远联通能仁营业部
汾西联通平凡的我,定远联通施克武
汾西联通平凡的我,定远联通杨兴府
汾西联通平凡的我,定远联通朱小玉
汾西联通平凡的我,东山架笔
汾西联通平凡的我,东阳鬼谷子
汾西联通平凡的我,冬悸看海
汾西联通平凡的我,咚添哏冷
汾西联通平凡的我,都市车联汇
汾西联通平凡的我,斗牛士318
汾西联通平凡的我,独缺一角
汾西联通平凡的我,独眼剑士索隆
汾西联通平凡的我,行搓
汾西联通平凡的我,段保贞
汾西联通平凡的我,段段1218
汾西联通平凡的我,朵朵天边云
汾西联通平凡的我,二宝的围脖儿
汾西联通平凡的我,樊浩明
汾西联通平凡的我,樊文丽-
汾西联通平凡的我,范中霞dqunicom
汾西联通平凡的我,放飞的鸽子1234567890
汾西联通平凡的我,放飞云朵
汾西联通平凡的我,非常可乐的
汾西联通平凡的我,非军不可-9516
汾西联通平凡的我,汾西郭文
汾西联通平凡的我,汾西郭新华
汾西联通平凡的我,汾西侯平
汾西联通平凡的我,汾西侯桑英
汾西联通平凡的我,愤怒的地球C
汾西联通平凡的我,愤怒的虎瑞
汾西联通平凡的我,风采1
汾西联通平凡的我,风清杨fr
汾西联通平凡的我,烽火R年华
汾西联通平凡的我,冯淘淘Jim
汾西联通平凡的我,浮生半日2012
汾西联通平凡的我,福气又安康2113809774
汾西联通平凡的我,改娥219
汾西联通平凡的我,高彩霞g
汾西联通平凡的我,搞笑杂烩
汾西联通平凡的我,格林兰萨特恩
汾西联通平凡的我,公众一王尚凡
汾西联通平凡的我,孤旅骄客
汾西联通平凡的我,孤鹜y
汾西联通平凡的我,古力1427
汾西联通平凡的我,古玉儿
汾西联通平凡的我,顾本涛
汾西联通平凡的我,乖乖的忧郁的蓝色
汾西联通平凡的我,关艳锦
汾西联通平凡的我,关振2170664997
汾西联通平凡的我,关注越多精彩更多
汾西联通平凡的我,广阔天地Y
汾西联通平凡的我,逛厦门吧
汾西联通平凡的我,贵阳联通何庆
汾西联通平凡的我,贵阳联通刘振华888
汾西联通平凡的我,郭美霞8
汾西联通平凡的我,郭晓芳的小灿烂
汾西联通平凡的我,郭涌_乌市联通
汾西联通平凡的我,果时代-苹果派-Apphone
汾西联通平凡的我,哈密联通vip客户经理吴亚婷
汾西联通平凡的我,海的深度W
汾西联通平凡的我,海阔天空ch
汾西联通平凡的我,海曙陆坚斌
汾西联通平凡的我,邯郸联通李华
汾西联通平凡的我,韩文霞888
汾西联通平凡的我,寒舍生辉
汾西联通平凡的我,汉寿联通余敏
汾西联通平凡的我,汉中联通城固徐侠
汾西联通平凡的我,汉中联通略阳营业厅
汾西联通平凡的我,汉中联通张耀玲
汾西联通平凡的我,行者无疆yc
汾西联通平凡的我,杭州洪日
汾西联通平凡的我,杭州王伟斌
汾西联通平凡的我,好人1837930485
汾西联通平凡的我,好心态的苦力
汾西联通平凡的我,郝振君825
汾西联通平凡的我,何二为一
汾西联通平凡的我,何菊梅88
汾西联通平凡的我,何前英
汾西联通平凡的我,何委员
汾西联通平凡的我,和谐痴呆
汾西联通平凡的我,河北张洪斌
汾西联通平凡的我,河曲联通
汾西联通平凡的我,黑龙江-才伟
汾西联通平凡的我,黑龙江李萍
汾西联通平凡的我,黑曼巴01234
汾西联通平凡的我,恒精进
汾西联通平凡的我,恒久魅力55
汾西联通平凡的我,红酒-诱惑
汾西联通平凡的我,红树林--晓
汾西联通平凡的我,红与黑186
汾西联通平凡的我,鸿鹄雅志
汾西联通平凡的我,侯马5577
汾西联通平凡的我,侯马726
汾西联通平凡的我,侯马旦旦
汾西联通平凡的我,侯马高志勇
汾西联通平凡的我,侯马老周
汾西联通平凡的我,侯马联通凯如
汾西联通平凡的我,侯马联通---孙春燕
汾西联通平凡的我,侯马梁素芬
汾西联通平凡的我,侯马鲁娟
汾西联通平凡的我,侯马买买提
汾西联通平凡的我,侯马王Z
汾西联通平凡的我,侯马沃爱生活
汾西联通平凡的我,侯马席亮亮
汾西联通平凡的我,侯马严永生
汾西联通平凡的我,侯马郑冬云
汾西联通平凡的我,侯马周宏俊
汾西联通平凡的我,侯马嘴角向上扬
汾西联通平凡的我,后知后觉的笨
汾西联通平凡的我,候马联通安强
汾西联通平凡的我,呼市联通116114
汾西联通平凡的我,狐狸巴涂
汾西联通平凡的我,胡烟乱雨JZ
汾西联通平凡的我,湖南联通3G俱乐部
汾西联通平凡的我,湖南赵建国
汾西联通平凡的我,虎贲1976
汾西联通平凡的我,花儿微开
汾西联通平凡的我,花落花开-春去春来
汾西联通平凡的我,怀仁好游
汾西联通平凡的我,淮北联通校园中心
汾西联通平凡的我,坏坏小子的地盘
汾西联通平凡的我,欢乐我握wo
汾西联通平凡的我,黄果树联通许滨铄
汾西联通平凡的我,黄景钰
汾西联通平凡的我,黄石联通廖科军
汾西联通平凡的我,黄土高坡的土老帽
汾西联通平凡的我,黄岩联通3G玩家俱乐部
汾西联通平凡的我,灰狼4297
汾西联通平凡的我,灰狼行者
汾西联通平凡的我,会泽联通小付
汾西联通平凡的我,会泽农民
汾西联通平凡的我,会战赵红霞dqunicom
汾西联通平凡的我,惠7097
汾西联通平凡的我,慧眸一笑-
汾西联通平凡的我,火红的红枫叶兰
汾西联通平凡的我,霍州微博
汾西联通平凡的我,姬永奇
汾西联通平凡的我,纪兰9697
汾西联通平凡的我,寂寞流氓冷
汾西联通平凡的我,加菲猫1166
汾西联通平凡的我,加油XINHAIER
汾西联通平凡的我,佳木斯联通刘金锋
汾西联通平凡的我,佳木斯联通刘亮
汾西联通平凡的我,佳木斯联通彭朝霞
汾西联通平凡的我,佳木斯联通网上营业厅
汾西联通平凡的我,嘉兴陈勇健
汾西联通平凡的我,嘉兴联通校园小组成员张吉731501
汾西联通平凡的我,嘉兴沈军
汾西联通平凡的我,嘉仪8
汾西联通平凡的我,贾志兰1
汾西联通平凡的我,监利联通沃心飞扬
汾西联通平凡的我,简单ai77
汾西联通平凡的我,简单就好0874
汾西联通平凡的我,江北周海华
汾西联通平凡的我,江西兵团
汾西联通平凡的我,江西青菜
汾西联通平凡的我,交城联通
汾西联通平凡的我,郊区联通
汾西联通平凡的我,缴继华
汾西联通平凡的我,洁品玉骨衬云霞
汾西联通平凡的我,金帝wo
汾西联通平凡的我,金华huangli
汾西联通平凡的我,金华继军
汾西联通平凡的我,金华联通陈晓军
汾西联通平凡的我,金华联通郦亮
汾西联通平凡的我,金华施旭健
汾西联通平凡的我,金逸华的微博
汾西联通平凡的我,锦江怡苑
汾西联通平凡的我,尽为而为
汾西联通平凡的我,进入沃的世界9989
汾西联通平凡的我,晋城联通YHJ
汾西联通平凡的我,晋中付毅
汾西联通平凡的我,晋中娟子
汾西联通平凡的我,晋中联通-杜建峰
汾西联通平凡的我,睛彩忻州
汾西联通平凡的我,精彩沃派
汾西联通平凡的我,精彩沃丫丫
汾西联通平凡的我,精分A蒙蒙
汾西联通平凡的我,井海霞
汾西联通平凡的我,净盘使者NO猪
汾西联通平凡的我,靖边联通---刘东艳
汾西联通平凡的我,静等幸福
汾西联通平凡的我,静姝sentiment
汾西联通平凡的我,境界无边
汾西联通平凡的我,玖水怡秋
汾西联通平凡的我,莒北人徐
汾西联通平凡的我,-绝-无-仅-有-
汾西联通平凡的我,均彪
汾西联通平凡的我,卡拉-米西
汾西联通平凡的我,开心的忍者神龟008
汾西联通平凡的我,空港乐观达人
汾西联通平凡的我,空气1982
汾西联通平凡的我,空樽对月杯无酒
汾西联通平凡的我,孔雀王子--博仁老
汾西联通平凡的我,口卑酒泡沫1916875371
汾西联通平凡的我,快乐169
汾西联通平凡的我,快乐的王志春
汾西联通平凡的我,快乐海玩
汾西联通平凡的我,快乐王子ye
汾西联通平凡的我,快乐洋洋顶呱呱
汾西联通平凡的我,宽带三晋_山西联通
汾西联通平凡的我,狂啸江湖
汾西联通平凡的我,奎屯联通朱新英
汾西联通平凡的我,-坤坤kunkun-
汾西联通平凡的我,蓝天白云0782
汾西联通平凡的我,狼毒花战画皮
汾西联通平凡的我,浪尖开花
汾西联通平凡的我,浪漫满坡
汾西联通平凡的我,浪漫人生186
汾西联通平凡的我,老崔新疆
汾西联通平凡的我,老罗头微博
汾西联通平凡的我,老衲是诗人
汾西联通平凡的我,老仉
汾西联通平凡的我,雷敏2
汾西联通平凡的我,雷四海号民船
汾西联通平凡的我,--蕾蕾---
汾西联通平凡的我,蕾蕾dS感Xw
汾西联通平凡的我,冷酷到底1538
汾西联通平凡的我,李斌-热爱生命
汾西联通平凡的我,李根草汤
汾西联通平凡的我,李慧芳_乌市联通
汾西联通平凡的我,李小琴的微博
汾西联通平凡的我,李叶林114
汾西联通平凡的我,李艺山西
汾西联通平凡的我,澧县联通王建华
汾西联通平凡的我,澧县联通王建华二
汾西联通平凡的我,澧县联通张丽丽
汾西联通平凡的我,澧县彭营
汾西联通平凡的我,澧县珍珠联通--张友飞
汾西联通平凡的我,利辛李允旭
汾西联通平凡的我,莲的心事4297
汾西联通平凡的我,联通Ljf
汾西联通平凡的我,联通白晓峰
汾西联通平凡的我,联通百里子菲
汾西联通平凡的我,联通碧海青天
汾西联通平凡的我,联通曹建杰
汾西联通平凡的我,联通陈林
汾西联通平凡的我,联通蛋
汾西联通平凡的我,联通迪庆红卫兵
汾西联通平凡的我,联通电信iPhone5开始预约
汾西联通平凡的我,联通董杰
汾西联通平凡的我,联通动力火车
汾西联通平凡的我,联通芳冰
汾西联通平凡的我,联通汾西
汾西联通平凡的我,联通高劲松
汾西联通平凡的我,联通管新
汾西联通平凡的我,联通郭强
汾西联通平凡的我,联通蝈蝈
汾西联通平凡的我,联通黑五
汾西联通平凡的我,联通-厚德载福
汾西联通平凡的我,联通华盛孙敬
汾西联通平凡的我,联通黄司令
汾西联通平凡的我,联通集团部徐
汾西联通平凡的我,联通老冯
汾西联通平凡的我,联通李慕白
汾西联通平凡的我,联通李万山
汾西联通平凡的我,联通刘陈前
汾西联通平凡的我,联通刘德峰
汾西联通平凡的我,联通刘慧
汾西联通平凡的我,联通刘瑞娥
汾西联通平凡的我,联通栾洪波
汾西联通平凡的我,联通马聪玲
汾西联通平凡的我,联通梦幻
汾西联通平凡的我,联通木子婷96169
汾西联通平凡的我,联通南华
汾西联通平凡的我,联通南阳自由
汾西联通平凡的我,联通农民工
汾西联通平凡的我,联通七剑
汾西联通平凡的我,联通上善若水
汾西联通平凡的我,联通帅鲍-爆帅
汾西联通平凡的我,联通硕儿
汾西联通平凡的我,联通苏宝
汾西联通平凡的我,联通苏辰飞
汾西联通平凡的我,联通随缘
汾西联通平凡的我,联通王阳
汾西联通平凡的我,联通未来青春创业社wh
汾西联通平凡的我,联通沃家庭
汾西联通平凡的我,联通小李同志
汾西联通平凡的我,联通小维子
汾西联通平凡的我,联通校园_杜东典
汾西联通平凡的我,联通新势力1831420642
汾西联通平凡的我,联通星光
汾西联通平凡的我,联通熊显志军方微博
汾西联通平凡的我,联通徐俊波
汾西联通平凡的我,联通闫志宏
汾西联通平凡的我,联通妍_YAN
汾西联通平凡的我,联通颜登亚
汾西联通平凡的我,联通雁南飞
汾西联通平凡的我,联通尹继业
汾西联通平凡的我,联通尹久泽
汾西联通平凡的我,联通永安
汾西联通平凡的我,联通用户2107342755
汾西联通平凡的我,联通育才钟小明
汾西联通平凡的我,联通悦玲
汾西联通平凡的我,联通张帆
汾西联通平凡的我,联通张杰
汾西联通平凡的我,联通张丽丽
汾西联通平凡的我,联通张连争
汾西联通平凡的我,联通张晓燕
汾西联通平凡的我,联通赵冬燕
汾西联通平凡的我,联通赵蕾
汾西联通平凡的我,联通之心
汾西联通平凡的我,联通支局
汾西联通平凡的我,联通周丰伟
汾西联通平凡的我,联通坐看云起
汾西联通平凡的我,良友围脖
汾西联通平凡的我,梁-美
汾西联通平凡的我,辽阔草原1
汾西联通平凡的我,廖名华
汾西联通平凡的我,临汾东方红
汾西联通平凡的我,临汾高洁
汾西联通平凡的我,临汾古装苑
汾西联通平凡的我,临汾韩红兵
汾西联通平凡的我,临汾火箭
汾西联通平凡的我,临汾九鼎
汾西联通平凡的我,临汾老段0108
汾西联通平凡的我,临汾老牛
汾西联通平凡的我,临汾李继英
汾西联通平凡的我,临汾李忠德
汾西联通平凡的我,临汾联花
汾西联通平凡的我,临汾联通2011
汾西联通平凡的我,临汾联通柏秋红
汾西联通平凡的我,临汾联通成保强
汾西联通平凡的我,临汾联通邓金锁
汾西联通平凡的我,临汾联通郭腊琴
汾西联通平凡的我,临汾联通凯哥
汾西联通平凡的我,临汾联通兰文伟
汾西联通平凡的我,临汾联通李金山
汾西联通平凡的我,临汾联通屈保军
汾西联通平凡的我,临汾联通任刚
汾西联通平凡的我,临汾联通熟透的李子
汾西联通平凡的我,临汾联通席秀红
汾西联通平凡的我,临汾联通晓燕沃在微博
汾西联通平凡的我,临汾联通园
汾西联通平凡的我,临汾联通张剑
汾西联通平凡的我,临汾联通张凯
汾西联通平凡的我,临汾联通赵效强
汾西联通平凡的我,临汾流星
汾西联通平凡的我,临汾龙腾
汾西联通平凡的我,临汾鲁松
汾西联通平凡的我,临汾麦穗
汾西联通平凡的我,临汾穆帆
汾西联通平凡的我,临汾那些事
汾西联通平凡的我,临汾乔斌
汾西联通平凡的我,临汾秦芳
汾西联通平凡的我,临汾生活小编
汾西联通平凡的我,临汾水良白
汾西联通平凡的我,临汾腾飞
汾西联通平凡的我,临汾田丰
汾西联通平凡的我,临汾王红艳
汾西联通平凡的我,临汾王伟
汾西联通平凡的我,临汾吴
汾西联通平凡的我,临汾小妹
汾西联通平凡的我,临汾欣妤随笔
汾西联通平凡的我,临汾张哲
汾西联通平凡的我,临汾赵云林
汾西联通平凡的我,临澧联通-杨辉云
汾西联通平凡的我,临沂联通市场销售部
汾西联通平凡的我,凌风傲霜雪
汾西联通平凡的我,凌乱的茶几上
汾西联通平凡的我,零陵联通
汾西联通平凡的我,刘登梅
汾西联通平凡的我,刘海青218
汾西联通平凡的我,刘海清-
汾西联通平凡的我,刘连凤2011
汾西联通平凡的我,刘素敏697
汾西联通平凡的我,刘学武-乌市联通
汾西联通平凡的我,刘彦会203
汾西联通平凡的我,刘易铭匀
汾西联通平凡的我,流星雨的记录
汾西联通平凡的我,⒆尤Re
汾西联通平凡的我,柳叶弯弯v
汾西联通平凡的我,六安联通CDM
汾西联通平凡的我,六月飞雪W
汾西联通平凡的我,龙腾沃乐
汾西联通平凡的我,楼外楼1970
汾西联通平凡的我,芦芽飞鹰直销队
汾西联通平凡的我,鲁西西的mini-blog
汾西联通平凡的我,鹿泉沃3G玩家俱乐部-苏红艳
汾西联通平凡的我,路人壬庚
汾西联通平凡的我,潞安繁星点点
汾西联通平凡的我,露腚的小屁孩
汾西联通平凡的我,罗平联通季光富
汾西联通平凡的我,吕行舟100808
汾西联通平凡的我,绿花先生
汾西联通平凡的我,马鞍山联通-网建
汾西联通平凡的我,马厂不是厂
汾西联通平凡的我,漫游新联
汾西联通平凡的我,毛小东00000000
汾西联通平凡的我,梅花时尚
汾西联通平凡的我,梅俊峰微博
汾西联通平凡的我,美景艳阳
汾西联通平凡的我,美丽萍水相逢
汾西联通平凡的我,美女JUAN
汾西联通平凡的我,美女木公
汾西联通平凡的我,美容小王妃
汾西联通平凡的我,美团临汾
汾西联通平凡的我,美霞郭
汾西联通平凡的我,梦3036
汾西联通平凡的我,梦幻木别墅
汾西联通平凡的我,梦回童年1678
汾西联通平凡的我,迷勒娜
汾西联通平凡的我,迷失拉斯维加斯的不夜城
汾西联通平凡的我,米米宝贝一联通
汾西联通平凡的我,m给岬
汾西联通平凡的我,蜜甜莲苦
汾西联通平凡的我,明光联通刘红平
汾西联通平凡的我,明光联通小鱼
汾西联通平凡的我,明光徐波
汾西联通平凡的我,明月星空的微博
汾西联通平凡的我,摩司令
汾西联通平凡的我,魔力天蝎CC
汾西联通平凡的我,木方子见
汾西联通平凡的我,幕落冰雨
汾西联通平凡的我,暮水如云
汾西联通平凡的我,穆薇子
汾西联通平凡的我,那缕缕阳光
汾西联通平凡的我,那一年花雨缤纷
汾西联通平凡的我,cA致叻命
汾西联通平凡的我,南蛮哥
汾西联通平凡的我,南皮3G就选沃CLP
汾西联通平凡的我,南皮3G就选沃lx
汾西联通平凡的我,南皮3G就选沃NPYXH
汾西联通平凡的我,南召联通综合部苏东
汾西联通平凡的我,妮唯雅yq
汾西联通平凡的我,你会不会再回来
汾西联通平凡的我,宁波楚中天
汾西联通平凡的我,宁波联通老冯
汾西联通平凡的我,宁波邵炜恺
汾西联通平凡的我,宁静--xiao
汾西联通平凡的我,宁静致远_2011
汾西联通平凡的我,宁静致远勤能补拙
汾西联通平凡的我,宁武联通
汾西联通平凡的我,宁武联通王
汾西联通平凡的我,宁武联通综合1
汾西联通平凡的我,凝望信仰
汾西联通平凡的我,妞妞3533
汾西联通平凡的我,牛蜗的乐快
汾西联通平凡的我,攀登-单县联通
汾西联通平凡的我,裴润斌
汾西联通平凡的我,鹏鹏真给力
汾西联通平凡的我,品味人生阴晴风雨
汾西联通平凡的我,品味-舍得-人生
汾西联通平凡的我,乒乓九段
汾西联通平凡的我,平凡人皇上
汾西联通平凡的我,平湖谢丹
汾西联通平凡的我,平鲁联通
汾西联通平凡的我,平平淡淡才是zhen
汾西联通平凡的我,平晓佳乐园
汾西联通平凡的我,苹平2011
汾西联通平凡的我,萍儿96169
汾西联通平凡的我,萍水相逢yhlp
汾西联通平凡的我,菩萨如狱
汾西联通平凡的我,濮阳联通七
汾西联通平凡的我,七杀之虎郑晶
汾西联通平凡的我,七松杨红
汾西联通平凡的我,齐琦--77
汾西联通平凡的我,骑墙的小草
汾西联通平凡的我,乞丐王子78
汾西联通平凡的我,千叶芷芗
汾西联通平凡的我,牵手FJL
汾西联通平凡的我,黔南联通旷想燕
汾西联通平凡的我,黔南联通谭忠平
汾西联通平凡的我,黔西南联通百灵
汾西联通平凡的我,缱绻星月
汾西联通平凡的我,茜草染紫
汾西联通平凡的我,倩吖smile
汾西联通平凡的我,亲-我不是淘宝的-亲
汾西联通平凡的我,秦增庆
汾西联通平凡的我,琴棋诗画之意
汾西联通平凡的我,勤奋的公正何在
汾西联通平凡的我,清澈的那片海
汾西联通平凡的我,清风匿影
汾西联通平凡的我,清风徐徐地来
汾西联通平凡的我,清静无忧
汾西联通平凡的我,清倾听
汾西联通平凡的我,清水-河畔
汾西联通平凡的我,清远3G社区
汾西联通平凡的我,清远联通谢伟媛
汾西联通平凡的我,情漫普洱
汾西联通平凡的我,秋老虎花园
汾西联通平凡的我,秋水伊人的悠然
汾西联通平凡的我,求人品的南瓜
汾西联通平凡的我,渠道哥
汾西联通平凡的我,衢州联通702826
汾西联通平凡的我,衢州强哥
汾西联通平凡的我,曲靖-彭彭
汾西联通平凡的我,曲沃解瑞芝
汾西联通平凡的我,全椒_晋秀武
汾西联通平凡的我,人生大度
汾西联通平凡的我,人生若只如初见-V
汾西联通平凡的我,日照联通刘宇
汾西联通平凡的我,日照联通秦毅
汾西联通平凡的我,日照宋庆波
汾西联通平凡的我,荣儿510
汾西联通平凡的我,芮城杨耀辉
汾西联通平凡的我,瑞雪娇妍
汾西联通平凡的我,塞外雪狐狸
汾西联通平凡的我,三毛流浪在沙漠
汾西联通平凡的我,伞兵游泳2010
汾西联通平凡的我,傻傻的愚翁
汾西联通平凡的我,山东联通沃的精彩
汾西联通平凡的我,山西_南北极
汾西联通平凡的我,山西wxl
汾西联通平凡的我,山西陈镜先
汾西联通平凡的我,山西房超
汾西联通平凡的我,山西高速交警长邯大队
汾西联通平凡的我,山西兰草
汾西联通平凡的我,山西老醋儿
汾西联通平凡的我,山西李桂冰
汾西联通平凡的我,山西联通何秀云
汾西联通平凡的我,山西临汾红慧
汾西联通平凡的我,山西临汾七少爷
汾西联通平凡的我,山西临汾张红胜
汾西联通平凡的我,山西临汾纸鸢
汾西联通平凡的我,山西刘文景
汾西联通平凡的我,山西荣芳
汾西联通平凡的我,山西孙涛
汾西联通平凡的我,山西王晋光
汾西联通平凡的我,山阴联通
汾西联通平凡的我,山欲
汾西联通平凡的我,陕西雪野
汾西联通平凡的我,上海二手车评估
汾西联通平凡的我,上海搜房家居测评中心
汾西联通平凡的我,上善若水_lh
汾西联通平凡的我,尚小雯子
汾西联通平凡的我,深呼吸4295
汾西联通平凡的我,深圳天翼3G玩家部落
汾西联通平凡的我,神龙点睛
汾西联通平凡的我,神鹰0009
汾西联通平凡的我,沈春666
汾西联通平凡的我,沈春蕾2113
汾西联通平凡的我,沈阳联通中山营业厅
汾西联通平凡的我,生活WO精彩
汾西联通平凡的我,生活三爱
汾西联通平凡的我,生活随想录
汾西联通平凡的我,生活所迫4437
汾西联通平凡的我,生活小绝招
汾西联通平凡的我,盛夏618
汾西联通平凡的我,石门晓英
汾西联通平凡的我,时秒20110225
汾西联通平凡的我,时尚妆容会所
汾西联通平凡的我,拾壹XM
汾西联通平凡的我,似水流年wo
汾西联通平凡的我,手机用户1819917032
汾西联通平凡的我,手机用户1854672220
汾西联通平凡的我,手机用户1854678562
汾西联通平凡的我,手机用户1855001470
汾西联通平凡的我,手机用户1855051112
汾西联通平凡的我,手机用户1855296242
汾西联通平凡的我,手机用户海绵宝宝
汾西联通平凡的我,手机用户蓝月亮
汾西联通平凡的我,手机用户李建国
汾西联通平凡的我,手拍手
汾西联通平凡的我,手镯儿
汾西联通平凡的我,水景页微博
汾西联通平凡的我,水云琴
汾西联通平凡的我,舜翼
汾西联通平凡的我,朔州联通SZLT
汾西联通平凡的我,朔州苏瑞
汾西联通平凡的我,朔州吴震宇
汾西联通平凡的我,司大爷bobby
汾西联通平凡的我,司马1838
汾西联通平凡的我,思ss想
汾西联通平凡的我,四喜丸子网
汾西联通平凡的我,宋化安
汾西联通平凡的我,宋洁修修修
汾西联通平凡的我,苏岩1199
汾西联通平凡的我,素言1992684251
汾西联通平凡的我,酸阿敏
汾西联通平凡的我,蒜蒜R-
汾西联通平凡的我,绥化樊松
汾西联通平凡的我,绥化联通曹伟华
汾西联通平凡的我,绥化联通丁皓
汾西联通平凡的我,绥化联通董延波
汾西联通平凡的我,绥化联通董延君
汾西联通平凡的我,绥化联通郭银宝
汾西联通平凡的我,绥化联通李宏权
汾西联通平凡的我,绥化联通李君辉
汾西联通平凡的我,绥化联通王忠兰
汾西联通平凡的我,绥化联通韦文娣
汾西联通平凡的我,绥化联通薛敬泽
汾西联通平凡的我,绥化联通殷春雨
汾西联通平凡的我,绥化联通张鹏飞
汾西联通平凡的我,绥化联通张清旭
汾西联通平凡的我,绥化联通朱红梅
汾西联通平凡的我,绥化联通邹鹏宇
汾西联通平凡的我,绥化马清龙
汾西联通平凡的我,绥化杨光宇
汾西联通平凡的我,绥棱联通沈艳坤
汾西联通平凡的我,随缘2050
汾西联通平凡的我,岁月UU
汾西联通平凡的我,孙虹霞752
汾西联通平凡的我,孙运玲-石门联通
汾西联通平凡的我,踏雪菩提
汾西联通平凡的我,太阁泡泡糖
汾西联通平凡的我,太极吴
汾西联通平凡的我,太原联通114
汾西联通平凡的我,太原申波
汾西联通平凡的我,唐老鸭1337
汾西联通平凡的我,桃花舞春情2011
汾西联通平凡的我,桃花源联通小张
汾西联通平凡的我,桃源联通邹岸剑
汾西联通平凡的我,陶陶tc蚌埠联通
汾西联通平凡的我,淘宝正品打折
汾西联通平凡的我,腾飞单县联通
汾西联通平凡的我,提拉米苏的幸福yy
汾西联通平凡的我,天才柴油哥
汾西联通平凡的我,天行者186
汾西联通平凡的我,天山雪莲glf
汾西联通平凡的我,天天过一天开心一天
汾西联通平凡的我,天语9861
汾西联通平凡的我,田红叶96169
汾西联通平凡的我,田佳音Cc
汾西联通平凡的我,恬适一点
汾西联通平凡的我,听我说0
汾西联通平凡的我,婷LAO妈
汾西联通平凡的我,同路人红红
汾西联通平凡的我,铜仁联通56162
汾西联通平凡的我,铜仁联通-任飞
汾西联通平凡的我,铜仁联通田雯
汾西联通平凡的我,偷秘密的人
汾西联通平凡的我,土豆5毛
汾西联通平凡的我,兔宝宝_WANGJL
汾西联通平凡的我,兔小帅的新家
汾西联通平凡的我,褪去轻浮
汾西联通平凡的我,完美开心果
汾西联通平凡的我,万紫千红186
汾西联通平凡的我,d夜深沉d
汾西联通平凡的我,汪小瑛wwy
汾西联通平凡的我,王凤霞
汾西联通平凡的我,王福寿_q9k
汾西联通平凡的我,王金凤的空间
汾西联通平凡的我,王进宝999
汾西联通平凡的我,王晋波
汾西联通平凡的我,王清杨
汾西联通平凡的我,王英0093
汾西联通平凡的我,王子寿
汾西联通平凡的我,w忧草106
汾西联通平凡的我,网管金宝喜dqunicom
汾西联通平凡的我,网优荒了
汾西联通平凡的我,网优舞动人生
汾西联通平凡的我,微笑的黄金女人
汾西联通平凡的我,渭南联通马稳红
汾西联通平凡的我,渭南联通张军
汾西联通平凡的我,魏劲松A
汾西联通平凡的我,魏宇龙_乌市联通
汾西联通平凡的我,温柔的坏女人4359
汾西联通平凡的我,温柔帅气0061
汾西联通平凡的我,文武8889
汾西联通平凡的我,文竹186
汾西联通平凡的我,我爱我家338
汾西联通平凡的我,我本善良77521
汾西联通平凡的我,我还爱你宝贝
汾西联通平凡的我,我和脂肪作斗争-差点没牺牲
汾西联通平凡的我,我们一起走过的风景
汾西联通平凡的我,我是海平面
汾西联通平凡的我,我是夏春秋
汾西联通平凡的我,沃__3G
汾西联通平凡的我,沃-1207
汾西联通平凡的我,沃Play_Man
汾西联通平凡的我,沃爱生活微博
汾西联通平凡的我,沃爱托里
汾西联通平凡的我,沃的联通
汾西联通平凡的我,沃的美好生活
汾西联通平凡的我,沃的幸福
汾西联通平凡的我,沃精彩-沃生活
汾西联通平凡的我,沃-看蝶之舞
汾西联通平凡的我,沃浪涛沙
汾西联通平凡的我,沃老爷山
汾西联通平凡的我,沃牛成
汾西联通平凡的我,沃农大腹贾
汾西联通平凡的我,沃派-通辽联通
汾西联通平凡的我,沃时尚WO精彩
汾西联通平凡的我,沃是陈磊
汾西联通平凡的我,沃心依旧
汾西联通平凡的我,沃眼看世界
汾西联通平凡的我,沃野清心
汾西联通平凡的我,沃野一狼
汾西联通平凡的我,沃在黄河口
汾西联通平凡的我,沃在路上888
汾西联通平凡的我,沃在你身边
汾西联通平凡的我,沃在朔州
汾西联通平凡的我,沃在心中常驻
汾西联通平凡的我,沃智者
汾西联通平凡的我,握手是朋友22
汾西联通平凡的我,乌盟吴文平
汾西联通平凡的我,屋顶球场
汾西联通平凡的我,无名草zf
汾西联通平凡的我,无伪之信
汾西联通平凡的我,吴富贵0008
汾西联通平凡的我,吴吉昌52
汾西联通平凡的我,五台联通yhf
汾西联通平凡的我,伍月5077
汾西联通平凡的我,西安的文化
汾西联通平凡的我,西安联通3G王奇
汾西联通平凡的我,西安联通蓝田祝朝斌
汾西联通平凡的我,西安联通李海金
汾西联通平凡的我,西安联通临潼苏峰
汾西联通平凡的我,西安联通刘向红
汾西联通平凡的我,西安联通刘岩
汾西联通平凡的我,西安联通张亚斌
汾西联通平凡的我,希儿qylt
汾西联通平凡的我,惜缘066
汾西联通平凡的我,熙熙LYX
汾西联通平凡的我,执笸吠尥
汾西联通平凡的我,霞光96169
汾西联通平凡的我,下雨天傍晚
汾西联通平凡的我,夏s天j江y山
汾西联通平凡的我,夏喝咖啡冬吃冰
汾西联通平凡的我,闲聊人生百态
汾西联通平凡的我,香格里拉崽崽
汾西联通平凡的我,香格里拉之春
汾西联通平凡的我,襄汾县联通公司
汾西联通平凡的我,祥云联通暖暖的记忆
汾西联通平凡的我,小兵联通
汾西联通平凡的我,小河流水清又清
汾西联通平凡的我,小蓝天7611
汾西联通平凡的我,小皮LL
汾西联通平凡的我,小片子010
汾西联通平凡的我,小沙弥尼
汾西联通平凡的我,小溪流水一
汾西联通平凡的我,小仙女塔塔
汾西联通平凡的我,小小鸟lt
汾西联通平凡的我,小妖-璐璐
汾西联通平凡的我,小鱼儿在哪儿
汾西联通平凡的我,小猪斑na
汾西联通平凡的我,笑对人生_C
汾西联通平凡的我,笑对人生2088
汾西联通平凡的我,蝎一样的女子
汾西联通平凡的我,心的天地2010
汾西联通平凡的我,心若冰清-善缘-梦缘
汾西联通平凡的我,心也悠悠网络工作室
汾西联通平凡的我,心语663
汾西联通平凡的我,辛苦的司机
汾西联通平凡的我,忻州城北联通
汾西联通平凡的我,忻州联通
汾西联通平凡的我,忻州联通白东红
汾西联通平凡的我,忻州联通产品创新
汾西联通平凡的我,忻州联通邸
汾西联通平凡的我,忻州联通高文平
汾西联通平凡的我,忻州联通乔
汾西联通平凡的我,忻州田
汾西联通平凡的我,欣若似我
汾西联通平凡的我,新BL阿辉
汾西联通平凡的我,新疆卡布奇诺
汾西联通平凡的我,新疆联通VIP客户经理李杨
汾西联通平凡的我,新疆联通VlP客户经理张百玲
汾西联通平凡的我,鑫鑫平安康乐
汾西联通平凡的我,信丰联通谢文秀
汾西联通平凡的我,信息化杨敏
汾西联通平凡的我,星辰-联通
汾西联通平凡的我,邢光杰
汾西联通平凡的我,兴和联通刘峰
汾西联通平凡的我,幸运的青春飞扬
汾西联通平凡的我,性感女性网
汾西联通平凡的我,宿州联通精彩在沃
汾西联通平凡的我,秀芳-0436
汾西联通平凡的我,徐瑞华六
汾西联通平凡的我,徐侠侠侠客
汾西联通平凡的我,徐小茜2
汾西联通平凡的我,徐徐上升xk
汾西联通平凡的我,许春Lamada
汾西联通平凡的我,许萍_乌市联通
汾西联通平凡的我,-旭谋已久-
汾西联通平凡的我,选3G就选WO--高建伟
汾西联通平凡的我,薛军1252
汾西联通平凡的我,雪白的茉莉
汾西联通平凡的我,寻找森林的梦
汾西联通平凡的我,丫丫的妈妈Shi
汾西联通平凡的我,鸭梨啊
汾西联通平凡的我,呀咩傣
汾西联通平凡的我,闫娟316
汾西联通平凡的我,闫潆禾她爸
汾西联通平凡的我,阳泉联通官方微博
汾西联通平凡的我,阳泉联通华盛杨明宇
汾西联通平凡的我,阳泉联通戎延明
汾西联通平凡的我,阳泉联通王晓军
汾西联通平凡的我,阳泉联通朱永艳
汾西联通平凡的我,阳泉邢作智
汾西联通平凡的我,阳泉雅萍
汾西联通平凡的我,杨白劳咸鱼翻身
汾西联通平凡的我,杨宝霞-3G就选WO
汾西联通平凡的我,杨凤琴0027
汾西联通平凡的我,杨国庆的私人微博
汾西联通平凡的我,杨军69
汾西联通平凡的我,杨军辉-joky
汾西联通平凡的我,杨强68
汾西联通平凡的我,尧通
汾西联通平凡的我,要发喽186
汾西联通平凡的我,要利有2012
汾西联通平凡的我,野生司机
汾西联通平凡的我,叶子or琳
汾西联通平凡的我,一飞冲天-叶公好龙
汾西联通平凡的我,一根米线
汾西联通平凡的我,一碗菜泡饭V
汾西联通平凡的我,一些人一些话
汾西联通平凡的我,一叶知秋jg
汾西联通平凡的我,伊犁联通VIP客户经理马晓莲
汾西联通平凡的我,已注销微博从此不用
汾西联通平凡的我,义乌季慎有
汾西联通平凡的我,翼城刘孔英
汾西联通平凡的我,翼城小孔
汾西联通平凡的我,翼城杨华
汾西联通平凡的我,因为爱567
汾西联通平凡的我,尹鸿186
汾西联通平凡的我,樱花雪1983
汾西联通平凡的我,影子2117206600
汾西联通平凡的我,映山花别样红
汾西联通平凡的我,永不放弃的|子
汾西联通平凡的我,永不言弃的人是我
汾西联通平凡的我,永和木头
汾西联通平凡的我,优雅紫色格调
汾西联通平凡的我,幽默8段子
汾西联通平凡的我,悠然飘舞的风
汾西联通平凡的我,游界寻觅
汾西联通平凡的我,有鑫人世界
汾西联通平凡的我,余姚联通_C-L1ng
汾西联通平凡的我,余姚联通-julie
汾西联通平凡的我,余姚-王浙锋
汾西联通平凡的我,鱼小鱼186
汾西联通平凡的我,渔翁yw
汾西联通平凡的我,榆林联通余建平
汾西联通平凡的我,雨点一放下
汾西联通平凡的我,雨萱蓉儿wo
汾西联通平凡的我,郁之蓝
汾西联通平凡的我,袁常斌
汾西联通平凡的我,袁军5
汾西联通平凡的我,原来的我是现在的我
汾西联通平凡的我,缘来有wo
汾西联通平凡的我,远远的媛
汾西联通平凡的我,月光竹影清风萤儿
汾西联通平凡的我,月亮飞沙
汾西联通平凡的我,月亮萧萧的空间
汾西联通平凡的我,月圆在丽江
汾西联通平凡的我,岳素敏
汾西联通平凡的我,岳西海洋
汾西联通平凡的我,岳言_1982
汾西联通平凡的我,云端男人
汾西联通平凡的我,云卷云舒5258
汾西联通平凡的我,云南翎翔
汾西联通平凡的我,运城LLT酋长
汾西联通平凡的我,运城垣曲移动客服
汾西联通平凡的我,在寂静里奔波
汾西联通平凡的我,在路上0688
汾西联通平凡的我,在路上wb
汾西联通平凡的我,咱们推
汾西联通平凡的我,昝俊红
汾西联通平凡的我,翟志勇
汾西联通平凡的我,沾益联通7168
汾西联通平凡的我,张存伟的微博
汾西联通平凡的我,张宏芳的blog
汾西联通平凡的我,张家界联通朱群兰
汾西联通平凡的我,张建英0820
汾西联通平凡的我,张景洲_Jx
汾西联通平凡的我,张素霞__乌市联通
汾西联通平凡的我,张涛68
汾西联通平凡的我,张小媛zxy
汾西联通平凡的我,张叶幸福的人
汾西联通平凡的我,张煜祥
汾西联通平凡的我,长春大勇叔
汾西联通平凡的我,长沙李大侠
汾西联通平凡的我,长沙联通田荣剑
汾西联通平凡的我,长通赵大雅
汾西联通平凡的我,长治114
汾西联通平凡的我,长治宝富
汾西联通平凡的我,长治联通
汾西联通平凡的我,长治联通lisha
汾西联通平凡的我,长治联通候丽娜
汾西联通平凡的我,长治联通李小霞
汾西联通平凡的我,长治联通猫猫
汾西联通平凡的我,长治联通毛毛
汾西联通平凡的我,长治联通王美平
汾西联通平凡的我,长治联通杨海峰
汾西联通平凡的我,长治联通员工1
汾西联通平凡的我,长治刘锐峰
汾西联通平凡的我,找彪哥
汾西联通平凡的我,赵彩荣D
汾西联通平凡的我,赵晋娇
汾西联通平凡的我,赵妮的世界
汾西联通平凡的我,赵小研007
汾西联通平凡的我,赵玉双
汾西联通平凡的我,折戟葬刀身归土
汾西联通平凡的我,折射中的反射
汾西联通平凡的我,浙江电信_毛雄波_衢州
汾西联通平凡的我,浙江电信_吴雁_衢州
汾西联通平凡的我,浙江张红斌
汾西联通平凡的我,珍珍A宝贝
汾西联通平凡的我,正道千秋
汾西联通平凡的我,郑大力内蒙古联通
汾西联通平凡的我,政要客户
汾西联通平凡的我,只知道干工作的傻男人
汾西联通平凡的我,知行合一真才人
汾西联通平凡的我,知善若水的生活
汾西联通平凡的我,知音0J006
汾西联通平凡的我,知足常乐0095
汾西联通平凡的我,知足常乐槐树
汾西联通平凡的我,蜘蛛网经济学-郑歌
汾西联通平凡的我,执子之手与偕老无关Z
汾西联通平凡的我,志志坨
汾西联通平凡的我,智建宏
汾西联通平凡的我,中国联通cnyp
汾西联通平凡的我,中国山西陈军
汾西联通平凡的我,终端网购服务门户--微互网
汾西联通平凡的我,钟芳A
汾西联通平凡的我,周燕妮2011
汾西联通平凡的我,肘子HONEY
汾西联通平凡的我,朱海中ZHZ
汾西联通平凡的我,珠圆玉润YR
汾西联通平凡的我,株洲联通陈毅勇
汾西联通平凡的我,猪咋爱上羊了4319
汾西联通平凡的我,猪猪的宝贝猫
汾西联通平凡的我,竹子可青119
汾西联通平凡的我,颛子
汾西联通平凡的我,庄生晓梦逸
汾西联通平凡的我,自信人生5
汾西联通平凡的我,自悠的赵猫画虎
汾西联通平凡的我,自由飞翔5688
汾西联通平凡的我,自由快乐2027593031
汾西联通平凡的我,综合部李凯dqunicom
汾西联通平凡的我,总编推荐
汾西联通平凡的我,最爱186
汾西联通平凡的我,最后的2012年
汾西联通平凡的我,最近这个比较火
汾西联通平凡的我,最新奇闻趣事
汾西联通平凡的我,遵义联通刘相贵
汾西联通平凡的我,左半边翅膀一丹
汾西联通平凡的我,佐霖_佑霖
汾西联通平凡的我,坐看云起e
古长宏,_七划_
古长宏,1飘渺孤鸿
古长宏,1骑绝尘888
古长宏,2009Ning
古长宏,2011蓝莓之乡
古长宏,21c尚谋
古长宏,3G人力资源
古长宏,5973张敬东
古长宏,689老家河南
古长宏,73的鱼
古长宏,8413朱建文
古长宏,9月4日生
古长宏,AASFP亚体姜鹏
古长宏,AC阿布
古长宏,Ada-黄小蕾
古长宏,Aderwan
古长宏,AirForceloulou
古长宏,always浪
古长宏,Amy_Teauni
古长宏,Android安卓软件精选
古长宏,A彭班长
古长宏,BBKinG
古长宏,BooBoo31
古长宏,BSCAM-朱志强
古长宏,Candy小蝎子
古长宏,china朱海林
古长宏,CNR葛朝兴
古长宏,CooL鱼
古长宏,Crius1
古长宏,crosslas
古长宏,CZJA舒心
古长宏,David_成维忠
古长宏,Diana小奈
古长宏,DJ阿彦
古长宏,DJ立华
古长宏,DJ刘波
古长宏,dr_zb
古长宏,Eleven西瓜
古长宏,eygle
古长宏,fen1234
古长宏,FionaFarid-哗
古长宏,fleshBodhisattva
古长宏,FM大嘴小生活
古长宏,fusm2012
古长宏,Garfield69
古长宏,geniusjimmy
古长宏,GIA钻石控
古长宏,GZBN程侃
古长宏,GZ老鬼
古长宏,Happy张江
古长宏,Harvey-Chen
古长宏,hello4400
古长宏,Hello岛仔
古长宏,HILLXXX
古长宏,HIV志愿者
古长宏,hzm1069
古长宏,HZ小邪
古长宏,imwoody
古长宏,i小雷
古长宏,i雪之颜
古长宏,jam939766
古长宏,jame99
古长宏,Jay-孩子他爸
古长宏,jeep
古长宏,jigz
古长宏,jlijames
古长宏,---JohnYang---
古长宏,John孙广军
古长宏,joseph叼着烟_徘徊在帝都
古长宏,Justivme王建平
古长宏,JXTV代志鹏
古长宏,JXTV刘冠麟
古长宏,Karen65
古长宏,kathy靓妈
古长宏,KDS-Werewolf
古长宏,keny2k
古长宏,Kevin林瀚
古长宏,kidd
古长宏,KINGR天下
古长宏,Ku欣
古长宏,ldzs2012
古长宏,liouly是个死胖子
古长宏,liuwenzhuo
古长宏,LK李杰
古长宏,loomo_木易
古长宏,LostPrawn_失魂虾
古长宏,LOVE善良的YING
古长宏,lxd34842
古长宏,m4xh3k
古长宏,Marie媚莉
古长宏,maxoutman
古长宏,Mc_拽天
古长宏,meinaidong
古长宏,midiya
古长宏,MissYou-JerryYang
古长宏,mooopen
古长宏,Mr-睿Charles
古长宏,Mycoco0618
古长宏,NGO周兆军
古长宏,nh海纳百川
古长宏,ningcoln
古长宏,Nirvana悟
古长宏,NJ陈杰
古长宏,nurgl_富蕴电信
古长宏,N维空间
古长宏,one美-阳光
古长宏,Ooo疯神ooO
古长宏,paulwbo
古长宏,POCKEY_LAI
古长宏,Police王
古长宏,QD-木木
古长宏,Q芒果兵
古长宏,Q周大伟Q
古长宏,Rain流星
古长宏,RCO管涛
古长宏,Ronalxiaoyang
古长宏,RoyalSoror
古长宏,Royce沈子恒
古长宏,Rx陈胤
古长宏,R高琦R
古长宏,sh_wjcjs
古长宏,Sheldon殷明
古长宏,sh张红
古长宏,Silent_Love_
古长宏,simonwangfashion
古长宏,SIMTALKER
古长宏,SJ翔宇
古长宏,s-no-1-fr-ee-do
古长宏,soniar
古长宏,Start-Tyg
古长宏,stein68
古长宏,SuperPandaò
古长宏,SZ403
古长宏,tc1344
古长宏,ThompsonFung
古长宏,TMT赵经纬
古长宏,tony景轩
古长宏,Tornado1113
古长宏,tsubasa
古长宏,valley5460
古长宏,Vic张尉
古长宏,viky小雯雯
古长宏,V盘V子V
古长宏,whwh110110
古长宏,WLzzzzzz
古长宏,Woody徐
古长宏,WO海听涛
古长宏,xcc视野
古长宏,XLL徐林林
古长宏,ylfish
古长宏,YS不信邪
古长宏,Zipper-艺术
古长宏,zomin的微博
古长宏,ZZTV渠川
古长宏,阿聪kcliao
古长宏,阿迪拉Michelle
古长宏,阿虎天地
古长宏,阿狸狸
古长宏,阿林哥有话说
古长宏,阿睦瓦
古长宏,阿瑟king来了
古长宏,爱it
古长宏,爱礁礁
古长宏,爱若干
古长宏,爱上青色流云
古长宏,爱笑1-1眼睛
古长宏,爱运动的道长
古长宏,爱在东京湾
古长宏,爱自己4408
古长宏,鄣馁M玉清V
古长宏,安崇民
古长宏,安迪心Z
古长宏,安凡2011
古长宏,安广禄
古长宏,安徽曹胜
古长宏,安徽商报孙金山
古长宏,安徽王耀
古长宏,安全驾驶人合肥龙哥
古长宏,安然听涛
古长宏,岸里里
古长宏,傲雪红梅123
古长宏,奥黛雅
古长宏,八零痞子
古长宏,巴比Q
古长宏,巴山美景
古长宏,巴中豌豆哥哥
古长宏,跋涉者2046
古长宏,白-翠翠
古长宏,白华武
古长宏,白_心兔子
古长宏,白周峰
古长宏,百合咖啡
古长宏,般若人生-陆洋
古长宏,般若书院徐幸起
古长宏,半岛都市报封肖丽
古长宏,半拉可乐
古长宏,半妖少年
古长宏,帮办杨师傅
古长宏,包二爷
古长宏,包头刘丽娜
古长宏,包也非
古长宏,薄荷叶的江湖
古长宏,宝康biocom
古长宏,-宝特瓶-
古长宏,报人罗毅
古长宏,鲍远生
古长宏,北大胡麻
古长宏,北方胡子
古长宏,北方思想库
古长宏,北国阿凌
古长宏,北京二环商业综合体-边城
古长宏,北京高姐
古长宏,北京苇子
古长宏,北京辛八路
古长宏,北京张超
古长宏,北野的理想国
古长宏,北岳客
古长宏,贝思美德
古长宏,被看穿了
古长宏,奔走比你
古长宏,笨笨的夏虫
古长宏,笨笨滴大笨笨
古长宏,笨手蛇-阿甘
古长宏,比利小子复活3
古长宏,毕明雄
古长宏,边城酒家
古长宏,边地钓翁-自由鸟
古长宏,边书坤律师
古长宏,编辑暴暴蓝
古长宏,编剧陈文杰
古长宏,编剧李晖
古长宏,编剧赵华
古长宏,飚哥思想
古长宏,别问切西瓜
古长宏,斌斌有理888
古长宏,滨才张莉
古长宏,冰川水手
古长宏,冰壶沸水
古长宏,冰萱1996
古长宏,啵啵小围裙
古长宏,不爱狼羊的女妖
古长宏,不如生女孩
古长宏,不易之典
古长宏,布衣oO
古长宏,布衣诗僧
古长宏,财富密钥
古长宏,财经陈润
古长宏,财经股票资讯
古长宏,彩虹跃
古长宏,菜农XX
古长宏,菜乡时报
古长宏,菜园小筑菠菜
古长宏,蔡见骏jensen
古长宏,蔡磊8011
古长宏,参议王林军
古长宏,残荷听雨
古长宏,灿烂的五花肉
古长宏,仓春瑞医师
古长宏,苍生正道
古长宏,沧海观潮
古长宏,沧海水001
古长宏,藏头诗0627
古长宏,曹兄孟德
古长宏,曹豫博
古长宏,草根功仔
古长宏,草根侯
古长宏,草根商人
古长宏,草木乙-Vidar
古长宏,策划人石文军
古长宏,策马天下
古长宏,策展
古长宏,曾辉1965
古长宏,曾经很猛2011高晓彬
古长宏,曾经要过饭
古长宏,曾敏红
古长宏,插耕
古长宏,茶易
古长宏,查文熠
古长宏,禅宗七祖
古长宏,常德慈善祝安顺
古长宏,常德吕舒律师
古长宏,常熟颜港派出所
古长宏,常在911w
古长宏,常州金鑫
古长宏,常州陆文杰
古长宏,朝阳土豆皮
古长宏,辰曦初升
古长宏,陈2曦
古长宏,陈--James
古长宏,陈大健
古长宏,陈大嘴O_O
古长宏,陈方旭LeoChen
古长宏,陈封001
古长宏,陈浩Ariel
古长宏,陈家品Samuel
古长宏,陈将楚
古长宏,陈凯律师
古长宏,陈昆奇
古长宏,陈龙摄影工作室
古长宏,陈奇锐医学界
古长宏,陈瑞律师
古长宏,陈松涛律师
古长宏,陈文森2012
古长宏,陈小彬龙帆传媒
古长宏,陈雄围脖
古长宏,陈业文新大都
古长宏,陈义松-
古长宏,陈义微博
古长宏,陈瑛子
古长宏,陈元律师
古长宏,陈长豪
古长宏,陈震祉
古长宏,陈志平福州
古长宏,陈忠义poliker
古长宏,以ZJ
古长宏,晨报孟霖
古长宏,晨晓电台FM1036
古长宏,成都雷邦
古长宏,成都陶云秀律师
古长宏,成都资本之鹰许量
古长宏,成方兴律师
古长宏,成永律师_lawyer
古长宏,诚毅ANDY
古长宏,城外小学生
古长宏,程福如律师
古长宏,程韦伟律师
古长宏,程晓谚
古长宏,程中柳
古长宏,迟到的王小菁
古长宏,迟-菲菲
古长宏,迟夙生律师
古长宏,赤脚山娃
古长宏,充气榔头
古长宏,丑鱼尼莫
古长宏,臭臭漫画
古长宏,厨卫百分百-冯建峰
古长宏,楚人陈奇雄
古长宏,褚冬明
古长宏,触风即燃
古长宏,穿便衣的医生
古长宏,传媒老胡
古长宏,传说中EDC
古长宏,创业36条军规李香
古长宏,创业者-罗逸强
古长宏,创意同学
古长宏,春跑跑
古长宏,纯洁的了了
古长宏,纯野生策划人胡旨
古长宏,词作家曾鸣
古长宏,瓷美人_史丽婷
古长宏,刺客小勇
古长宏,丛林偶遇
古长宏,崔超_内观心外观行
古长宏,村东头的老张
古长宏,村夫子
古长宏,村长陈桂林
古长宏,达人是炼出来的
古长宏,打算跳楼
古长宏,打渔沙家
古长宏,大暴龙阿锈
古长宏,大兵日记
古长宏,大工是菜鸟
古长宏,大河寒江雪
古长宏,大块头然然
古长宏,大雷
古长宏,大力金刚掌本尊
古长宏,大连秋枫
古长宏,大连-淫
古长宏,大媚1227
古长宏,大漠雪狐05
古长宏,大胖子搞程序
古长宏,大山的尖叫
古长宏,大卫吴围脖
古长宏,大项的天
古长宏,大校新传
古长宏,大熊出没
古长宏,大眼睛
古长宏,大隐之明
古长宏,大娱胡浪
古长宏,大元胡华
古长宏,大智可以若愚
古长宏,大众志原者
古长宏,代军哥哥
古长宏,带来秩序的L先生
古长宏,戴和平律师
古长宏,戴怀豪2711
古长宏,戴珂拉Steven
古长宏,戴琦权
古长宏,戴苏春
古长宏,戴自雄律师
古长宏,丹东晓程
古长宏,丹阳康熙
古长宏,蛋土匪
古长宏,党鹏
古长宏,刀一寸
古长宏,导演高晓舰
古长宏,倒十字-光辉
古长宏,得的地呀
古长宏,德鲁伊9017
古长宏,德通王永增
古长宏,邓君汉
古长宏,邓润良
古长宏,邓运光
古长宏,狄咕一下
古长宏,荻思葩555
古长宏,第5金融
古长宏,第六感心理学
古长宏,滇雄
古长宏,电商张勇
古长宏,电视剧新都市人
古长宏,雕刻时光6代
古长宏,潘de逆袭1114
古长宏,钓鱼岛上安个家
古长宏,钓鱼岛主
古长宏,耋翁
古长宏,丁志阳的微博
古长宏,顶破天1176127522
古长宏,东港美景
古长宏,东莞90度炭烧咖啡
古长宏,东海飞鱼
古长宏,东河-猎鹰倚天屠龙
古长宏,东篱下-满秋
古长宏,东宁李成
古长宏,东日或西雨
古长宏,东逝水
古长宏,|同盟
古长宏,董润年
古长宏,毒蝎Air
古长宏,独立检察官2011
古长宏,读书野人
古长宏,家在冰城
古长宏,x史者徐C
古长宏,赌神李大侠
古长宏,杜磊有约
古长宏,杜令郡
古长宏,杜-楠
古长宏,杜一鸣_
古长宏,杜岳刚
古长宏,端砚名师钟创荣
古长宏,段小邓
古长宏,段永朝
古长宏,躲七泡八喝九
古长宏,鹅头饼阿木
古长宏,恩惠伟伟
古长宏,二马三虎
古长宏,法律门
古长宏,法医秦明
古长宏,法制报-李良宏
古长宏,法制报张学勇
古长宏,法制晚报付中
古长宏,凡尔赛火焰
古长宏,樊井丽
古长宏,反Di腩是王子
古长宏,范范张振国
古长宏,范桶
古长宏,方宝落
古长宏,方刚中国
古长宏,方哥888
古长宏,方洪洲
古长宏,方晓松的微博
古长宏,方岩-陈启贤
古长宏,方毅视界
古长宏,房博士康志华kevin
古长宏,房舟子
古长宏,放R^来-L之婧
古长宏,飞行的贝壳
古长宏,飞行员酱半鲜
古长宏,飞轮韦博
古长宏,飞乌龟
古长宏,飞舞的白色
古长宏,飞鱼的流年
古长宏,非晓礼
古长宏,非著名交警
古长宏,非著名隐士
古长宏,汾湖快递
古长宏,奋斗之追老师
古长宏,愤怒的红蓝铅笔
古长宏,风歌蕾蕾
古长宏,风和起帆
古长宏,风起云涌天
古长宏,风清rv
古长宏,风言锋语人评论控
古长宏,风之热吻
古长宏,枫林夕染
古长宏,LpP900
古长宏,冯缤
古长宏,冯尚东
古长宏,冯献周--中医
古长宏,冯毅律师
古长宏,冯子湛
古长宏,凤凰生活杂志郭蔷
古长宏,佛龛KG
古长宏,佛山大叔
古长宏,佛山烈火
古长宏,佛山无影脚s
古长宏,佛说魔说
古长宏,佛祖的心
古长宏,-浮华已过-
古长宏,浮云半日闭
古长宏,符梅梅
古长宏,福佑泽
古长宏,阜阳王鹏
古长宏,傅继英
古长宏,傅志彬
古长宏,富敏荣律师
古长宏,嘎子爱红酒
古长宏,甘肃郝志强
古长宏,甘肃刘维忠
古长宏,感恩的心-张勇
古长宏,感冒男孩
古长宏,刚刚和狗狗
古长宏,刚想通
古长宏,高峰微谈
古长宏,高建地产_庄阳
古长宏,高山流水101
古长宏,高山流水海纳百川
古长宏,高松婴
古长宏,高铁旅游生态圈合作
古长宏,高新江1112
古长宏,高章舜
古长宏,歌乐行者
古长宏,给力G哥
古长宏,给我氧气吧
古长宏,耿介之士
古长宏,耿楠
古长宏,工艺工程师
古长宏,公民蒋林
古长宏,公民老丁
古长宏,公民列宁
古长宏,公民王洪波
古长宏,公民徐侠客
古长宏,公民学堂
古长宏,公子爱三亚
古长宏,公子洛
古长宏,龚大军
古长宏,拱一拱-逍遥八戒
古长宏,古华贞
古长宏,古塔山上的麻雀
古长宏,古皖老烧包
古长宏,谷云盛2000
古长宏,鼓手张洪岩
古长宏,顾则徐2011
古长宏,怪棋
古长宏,观察者网
古长宏,观花流水
古长宏,Q沧海
古长宏,管晋玮
古长宏,管锡琪
古长宏,光禄大夫1982
古长宏,光头郑重
古长宏,光之圣域
古长宏,广告摄影师李璨
古长宏,广润土鸡
古长宏,广州许磊
古长宏,V州建民
古长宏,鬼话人间
古长宏,鬼魂弹琴
古长宏,鬼娃头像
古长宏,桂林懒猫青年旅社
古长宏,桂途
古长宏,郭春洪
古长宏,郭-凤祥
古长宏,郭洪钧
古长宏,郭津琳
古长宏,郭景超V
古长宏,郭靓-
古长宏,郭庆光_天声人语
古长宏,郭群John
古长宏,郭小亮Y
古长宏,国土所长
古长宏,过山龙闭嘴
古长宏,哈姆王
古长宏,哈姆亚亚
古长宏,海豹归来
古长宏,海冰
古长宏,海博海景
古长宏,海淀清晨
古长宏,海口老徐
古长宏,海口雷锋
古长宏,海口荣耀-韦一笑sir
古长宏,海南关律师
古长宏,海南梁山
古长宏,海宁狮岭人
古长宏,海宁王国华JIPAI
古长宏,海上老叶子
古长宏,海啸VV
古长宏,海洋律师
古长宏,骇客行文
古长宏,邯郸深海
古长宏,邯郸同城会
古长宏,韩建民V
古长宏,韩可胜
古长宏,韩颜至
古长宏,韩业盛
古长宏,寒风孤蝶
古长宏,汉帝唐皇
古长宏,汉武小帝ly
古长宏,汉震中
古长宏,悍匪-再杀三千又何妨
古长宏,行行色色的橙子
古长宏,行者老陈
古长宏,杭州陶悦在路上
古长宏,杭州吴晟
古长宏,航运人王海
古长宏,豪情万万丈
古长宏,好久不贱886
古长宏,郝靖之
古长宏,郝平睿
古长宏,浩浩海风
古长宏,合肥陈律师
古长宏,合肥潘思强律师
古长宏,何达志
古长宏,何光伟
古长宏,何贵民
古长宏,何佳洪5799
古长宏,何念寒律师
古长宏,何群荣笔记
古长宏,何天平hazel
古长宏,何万斌
古长宏,何勇斌
古长宏,和谐肇庆
古长宏,河北解放
古长宏,河北青年报杨利军
古长宏,河北惜秋
古长宏,河北亦凡人
古长宏,河马辛普森
古长宏,河南孔凡哲
古长宏,荷永
古长宏,贺建栋Andrew
古长宏,贺江兵
古长宏,贺老憨
古长宏,贺雄伟001
古长宏,贺永强
古长宏,黑龙江晨报梁伟
古长宏,黑人王磊
古长宏,黑Cy暮
古长宏,黑蛙品牌阿路
古长宏,嗨查理
古长宏,很倔的牛
古长宏,恒小程
古长宏,红安韩晗
古长宏,红袍加身私房茶
古长宏,红薯头
古长宏,红围博-顾家家
古长宏,红叶飘飘A
古长宏,红缨老枪
古长宏,洪魁001
古长宏,洪流入海
古长宏,洪永华
古长宏,侯金亮
古长宏,侯晓钢
古长宏,胡兵德州晚报记者
古长宏,胡浩泳
古长宏,胡胡毛
古长宏,胡婧婧
古长宏,胡审兵
古长宏,胡伟忠_曦儿baba
古长宏,胡h律师
古长宏,湖苑洪舟
古长宏,虎娃闹龙城
古长宏,沪人忧天
古长宏,花贵侃
古长宏,花开西南
古长宏,花太香之花无常
古长宏,花样年华的献哥
古长宏,花雨圣芳
古长宏,华创传媒老薄
古长宏,华创新天
古长宏,华哥深圳
古长宏,华夏之声V
古长宏,A壹黄金李忠华
古长宏,画家张安
古长宏,画语唐途
古长宏,怀存
古长宏,淮南岳葆春
古长宏,欢乐笨-张斌
古长宏,焕彩的奕舞
古长宏,皇家驿栈刘少军
古长宏,皇爷金尚
古长宏,黄柏松
古长宏,黄保才
古长宏,黄大胖子
古长宏,黄殿钦
古长宏,黄光伟
古长宏,黄河她爸
古长宏,黄家甫
古长宏,黄珏老鹅
古长宏,黄乃曦
古长宏,黄日涵-白鹤
古长宏,黄土地上的飞鹰
古长宏,黄兴能
古长宏,黄旭异术
古长宏,黄怡Cindy-高端猎头
古长宏,黄煜盛AUSKING
古长宏,S森导演
古长宏,灰太郎7092
古长宏,茴香酥包子
古长宏,会说话的绵羊
古长宏,惠通嘉华李兴勇
古长宏,惠泽堂中医门诊
古长宏,惠州第一手
古长宏,活宝贝天生我才
古长宏,活力老乡
古长宏,火星黎叔-看看就回
古长宏,基金李琛
古长宏,吉林崔允太
古长宏,吉树2010
古长宏,吉祥金刚001
古长宏,吉祥物语
古长宏,己已斋
古长宏,记录的人
古长宏,记者_朱小央
古长宏,记者崔永利
古长宏,记者郝成
古长宏,记者吉建军
古长宏,记者马国权
古长宏,记者申寒文
古长宏,记者赵新江
古长宏,季良
古长宏,季涛
古长宏,济南148协调指挥中心
古长宏,济南卞志强
古长宏,加菲猫他二姑
古长宏,加勒比海风
古长宏,加糖小豆粥
古长宏,家林瞎扯
古长宏,家人杂志
古长宏,嘉禾治平
古长宏,嘉善老顾
古长宏,贾鹏paul
古长宏,贾松楠
古长宏,贾欣文
古长宏,兼职律师韩轶教授
古长宏,鹣鹣鲽鲽
古长宏,简称高荣
古长宏,见闻MSA
古长宏,见证历史进程
古长宏,见证者延鹏
古长宏,见自本性
古长宏,剑雨情烟
古长宏,剑走偏锋Jeffrey
古长宏,鉴湖女侠17
古长宏,键盘上的蝴蝶
古长宏,江湖不斗
古长宏,江湖侠客W
古长宏,江湖之春
古长宏,江南海南
古长宏,江南怒吼
古长宏,江南水乡
古长宏,江水东逝
古长宏,江苏东方之子
古长宏,江苏商报朱泉
古长宏,江苏新沂黄云峰
古长宏,江苏邢晋
古长宏,江卫国
古长宏,江西师大辅导员-付妍妍
古长宏,江右
古长宏,姜连发律师
古长宏,姜霖
古长宏,姜普敢
古长宏,姜小楼
古长宏,姜新民
古长宏,姜桢祥律师--法治梦想
古长宏,姜子愚
古长宏,蒋胜男
古长宏,蒋委占Jeresun
古长宏,交警陈清洲
古长宏,胶东县令
古长宏,教育报-秀江
古长宏,杰通-汪建明
古长宏,结婚小岛岛主-钻饰
古长宏,今天没空
古长宏,金地蔡戈鸣
古长宏,金航郭海生
古长宏,金湖微博
古长宏,金华辉
古长宏,金陵卫士
古长宏,金毛小熊
古长宏,金梦彦Karen
古长宏,金牛盆景
古长宏,金融王一军
古长宏,金山大舅
古长宏,金万藏
古长宏,金一宁
古长宏,金玉满堂宝贝
古长宏,金针
古长宏,金州新区
古长宏,金子art
古长宏,锦绣兴仁
古长宏,进军的进
古长宏,劲草s
古长宏,劲释张孝东
古长宏,晋力律师
古长宏,禁声的国民
古长宏,京城醒狮
古长宏,经济视点报乔会闯
古长宏,晶晶庄
古长宏,井底之蛙1
古长宏,警察_李淦
古长宏,警菲猫
古长宏,警界学者黎津平
古长宏,警民桥-交警
古长宏,竞星子
古长宏,竞亚爱八卦
古长宏,静夜思-繁星一点
古长宏,静者生慧
古长宏,s_s_jing
古长宏,九垓上
古长宏,九九的作文本
古长宏,九思软件CEO王海波
古长宏,九叶2050
古长宏,九域乡村
古长宏,酒色人生须尽欢
古长宏,酒徒仓氏
古长宏,巨兰兰
古长宏,巨人教育张v毅玮
古长宏,聚贤德之淋
古长宏,绝版青春-老祥
古长宏,军事记者东旭
古长宏,军械所乐队
古长宏,君育幽兰
古长宏,筠连筠爱义工-文韬
古长宏,峻豪老师
古长宏,开心鬼谷子之谷全喜
古长宏,开心老骥伏枥
古长宏,开心顽句
古长宏,堪布觉音
古长宏,看图说话邓庆
古长宏,康大妹子
古长宏,康景琳
古长宏,康桥王律师
古长宏,康庄大道
古长宏,康庄的庄
古长宏,抗日的绍尔
古长宏,靠谱的东北小青年
古长宏,靠谱解读
古长宏,科技房产
古长宏,科教编导老苏
古长宏,科学自由剑
古长宏,可爱超
古长宏,可爱天韵
古长宏,克拉玛依电台丰雨
古长宏,空灵怪
古长宏,空中飞浪人
古长宏,孔凡予
古长宏,孔华威
古长宏,孔令旭
古长宏,孔庆龙
古长宏,孔维聪zz
古长宏,扣扣小妖
古长宏,枯荷
古长宏,库鼎
古长宏,快乐茶使
古长宏,快乐的狮子_源爸
古长宏,快乐湖边
古长宏,快乐是一棵树
古长宏,旷漠游人
古长宏,矿工的风采
古长宏,昆仑明
古长宏,昆明律师许思龙
古长宏,昆山律师叶怀静
古长宏,拉顿1962
古长宏,拉风手机总舵主大邵
古长宏,啦呀未曾离开
古长宏,赖远兴
古长宏,兰州Ripple
古长宏,蓝海石
古长宏,蓝旗主的当代微博版史记
古长宏,蓝色的步调
古长宏,蓝色的梦太原
古长宏,蓝色心语LGZ
古长宏,蓝天-小草
古长宏,蓝天再现
古长宏,蓝眼睛的
古长宏,篮球plus
古长宏,懒惰的小猫
古长宏,O芯
古长宏,朗行上海
古长宏,浪子秋-
古长宏,老毕V
古长宏,老兵郭志国
古长宏,老大-自留地
古长宏,老旦的天空
古长宏,老刀99
古长宏,老丁的思维乐园
古长宏,老凤哥哥
古长宏,老顾说
古长宏,老狼大哥
古长宏,老李-飞刀
古长宏,老刘快板
古长宏,老衲法号郭怒
古长宏,老衲慧能
古长宏,老倪博客
古长宏,老牛仔Hunter
古长宏,老飘子
古长宏,老邵杂谈
古长宏,老头吉祥
古长宏,老顽童sanshi3
古长宏,老朽尼克
古长宏,老志勇
古长宏,老中医忠实的话
古长宏,牛
古长宏,乐观的动力牛仔
古长宏,乐同犬舍主理人叫绝尘
古长宏,乐图乱弹
古长宏,雷啉
古长宏,雷文的天空
古长宏,雷志锋律师
古长宏,冷云
古长宏,离家出走929
古长宏,黎朝SunnyLai
古长宏,藜焱焱
古长宏,李保毅
古长宏,李成刚
古长宏,李传缨
古长宏,李春华律师
古长宏,李聪
古长宏,李聪的声音
古长宏,李道演律师
古长宏,李房桐
古长宏,李刚律师拆迁维权
古长宏,李国生记者
古长宏,李红伟律师
古长宏,李继铭
古长宏,李佳名2010
古长宏,李剑然
古长宏,李俊鹏365
古长宏,李俊晓
古长宏,李康松先生
古长宏,李磊微地产
古长宏,李良亮
古长宏,李林oO
古长宏,李林洋Kevin
古长宏,李蒙记者
古长宏,李明Mike
古长宏,李乃华6777
古长宏,李青律师
古长宏,李庆Lee
古长宏,李锐-钝初
古长宏,李尚松
古长宏,李庶_
古长宏,李帅
古长宏,李松臣律师
古长宏,李涛-律师
古长宏,李铁军
古长宏,李为夷
古长宏,李伟-Attorney
古长宏,李伟民律师
古长宏,李文骅
古长宏,李宪法-
古长宏,李翔196811
古长宏,李晓华-Linden
古长宏,李晓智
古长宏,李新玲2011
古长宏,李兴旺字启光
古长宏,李艳星
古长宏,李意欣
古长宏,李永宏
古长宏,李永勤OK
古长宏,李云彬LP
古长宏,李云帆-sailing
古长宏,李-云龙
古长宏,李占山2011
古长宏,李长柱
古长宏,理想多少钱一斤啊啊
古长宏,力保健
古长宏,莲动水澜
古长宏,莲动-渔舟
古长宏,联通韩福秀
古长宏,联通王冰
古长宏,炼婆子-快乐是幸福的源泉
古长宏,梁幕天
古长宏,梁塔拉
古长宏,梁献
古长宏,梁香禄律师
古长宏,梁宇主播
古长宏,亮剑wo
古长宏,量化投资_丁鹏
古长宏,廖红波A
古长宏,廖谦
古长宏,廖睿
古长宏,廖云斌Richard
古长宏,林X怡
古长宏,林东品律师
古长宏,林华磊1986
古长宏,林间归牧
古长宏,林肯公园V
古长宏,林滤山
古长宏,林仁聪律师
古长宏,林学明shermanlxm
古长宏,林岳芳
古长宏,临汾365论坛狼烟
古长宏,临汾365网
古长宏,临汾锣鼓桥上海大众汽车微博
古长宏,临阳
古长宏,临沂一市民
古长宏,蔺磊-张妙阳配音网
古长宏,灵辉微博
古长宏,灵基咨询-胡洪森
古长宏,凌空互动徐蔚
古长宏,溜肉丁儿
古长宏,刘波Leo
古长宏,刘春辉V-Energy
古长宏,刘春雷-北京
古长宏,刘大来律师
古长宏,刘凤翼
古长宏,刘付志明
古长宏,刘桂明
古长宏,刘皇叔是也
古长宏,刘济川导师
古长宏,刘杰生活馆
古长宏,刘金才YG
古长宏,刘娟的碎片生活
古长宏,刘俊卿ljq
古长宏,刘枪枪的猪头三生活
古长宏,刘沁松_北京
古长宏,刘嵘辉
古长宏,刘如冰-SOHO中国
古长宏,刘杉
古长宏,刘士杰CTTC
古长宏,刘世坚
古长宏,刘帅168
古长宏,刘笑笑小窝
古长宏,刘星洪
古长宏,刘雪松-雪松
古长宏,刘炎迅
古长宏,刘瑶
古长宏,刘永斌律师
古长宏,刘长青苏拓咨询
古长宏,刘忠良v
古长宏,刘主饪
古长宏,刘著民
古长宏,浏阳陶沙
古长宏,留溪君彦
古长宏,流觞不诉离殇
古长宏,流韵山庄主人
古长宏,⑽谋Mr
古长宏,柳科
古长宏,柳咏
古长宏,六国虹
古长宏,六十不惑
古长宏,龙行天下A龙哥
古长宏,龙腾飞-
古长宏,龙啸六天
古长宏,陇原渔夫
古长宏,楼
古长宏,卢巴雅
古长宏,卢进富
古长宏,芦苇秆子
古长宏,庐州素平
古长宏,鲁开盛
古长宏,鲁人王进文
古长宏,鲁祥东律师
古长宏,鲁燕玲
古长宏,鲁豫平2011
古长宏,鲁豫同程
古长宏,陆俊333
古长宏,陆炜
古长宏,陆云良律师
古长宏,栾凯kiki
古长宏,罗飚
古长宏,罗付雄鹰
古长宏,罗樨菁
古长宏,罗新焕
古长宏,吕龙-dragon
古长宏,涡n
古长宏,旅行者杨靖远
古长宏,旅顺口清风小镇
古长宏,旅途中的蓝色
古长宏,律师张国华
古长宏,律师郑辉
古长宏,绿野仙猪ZOO
古长宏,马丁叔叔2010
古长宏,马尔代夫没去过
古长宏,马水旺
古长宏,马泰
古长宏,马映冰_文思海辉
古长宏,R
古长宏,上A
古长宏,满华KEVIN
古长宏,芒椰糯米糍
古长宏,忙客
古长宏,猫猫他妈
古长宏,猫咪玎
古长宏,猫胖鼠胖
古长宏,猫熊小浚
古长宏,毛启盈
古长宏,毛正峻
古长宏,么透透
古长宏,没有重名-刘忠涛
古长宏,玫瑰女人1668
古长宏,媒体人廖泽
古长宏,每天骑车上下班的好小囡
古长宏,美凝与安澜
古长宏,蒙古狼001
古长宏,蒙面之城1984
古长宏,孟浩然-在司考
古长宏,梦乌龟
古长宏,梦邑樵郎
古长宏,梦易简
古长宏,梦雨札记
古长宏,弥生爱天明
古长宏,米爱国
古长宏,米家的婆
古长宏,苗立涵
古长宏,民不畏死-奈何以死惧之
古长宏,民警小唐
古长宏,民生剑客
古长宏,闽南石头哥
古长宏,闽南庄三
古长宏,敏奇敏奇
古长宏,名庄诚品酒业
古长宏,明轮
古长宏,摩拉菲尔-郑州
古长宏,蘑菇求煞笔拉黑
古长宏,茉莉_全时
古长宏,陌生的知己V
古长宏,莫莫王
古长宏,墨日更
古长宏,墨脱春秋龙军
古长宏,墨香舫
古长宏,墨香剑气
古长宏,默然B-angel
古长宏,木白弓虽
古长宏,木尔
古长宏,木易文峰
古长宏,木子拂晓
古长宏,木子光军oO
古长宏,木子李耳日阳
古长宏,慕容小亦
古长宏,慕水1
古长宏,慕正
古长宏,暮冥战机
古长宏,那村那国那人
古长宏,那娜Barbie
古长宏,那世钢
古长宏,那坨花儿
古长宏,乃殿雄
古长宏,南半球的雪
古长宏,南昌大学小柒
古长宏,南都广州
古长宏,南都之梦
古长宏,南非阳光就是我
古长宏,南郭先生家的狼
古长宏,南海影视城-蒲红欣
古长宏,南京电台黄惠
古长宏,南京律师十年一剑
古长宏,南京徐记者
古长宏,南岭的雪人
古长宏,南山北陶峰
古长宏,南山灯火_1c8
古长宏,脑袋空空F人酱
古长宏,内蒙古法眼
古长宏,妮霓蜀杰酒
古长宏,尼克安闲
古长宏,你说的不错我有同感
古长宏,你希哥哥
古长宏,年年大喷菇
古长宏,年轻人杂志彭力
古长宏,聂文晟
古长宏,宁波exceed007
古长宏,宁波思涛说法
古长宏,宁国强
古长宏,宁清平律师
古长宏,宁夏交通广播-陈红
古长宏,宁夏银川杨泰
古长宏,凝翠居士
古长宏,牛阿龙89
古长宏,牛郎儿女
古长宏,牛皮糖1988
古长宏,牛秀元
古长宏,农民工服务员
古长宏,Z方舟上的
古长宏,女警玉姐
古长宏,女律师崔家楠
古长宏,欧阳-103
古长宏,拍客青海
古长宏,潘九行
古长宏,潘善忖
古长宏,潘文大
古长宏,潘祥A
古长宏,潘衍江
古长宏,彭进同学
古长宏,彭增权
古长宏,彭志贤
古长宏,彭中天
古长宏,鹏博士张培民
古长宏,批评家陈默
古长宏,片刀侃侃
古长宏,片警强哥哥
古长宏,贫僧法号赵叔叔
古长宏,品格教育父母教练
古长宏,品矶老孔
古长宏,平安李四清
古长宏,平安肇庆
古长宏,平凡的小郑
古长宏,凭心而论Network
古长宏,坡外有坡非官方微博
古长宏,菩提树下-
古长宏,葡萄酒客史家杰AIA
古长宏,濮阳-
古长宏,普世好声音
古长宏,普通司法人
古长宏,七级总理
古长宏,柒月尚雪
古长宏,亓元开
古长宏,祁星晨
古长宏,其其周
古长宏,其少
古长宏,骑士的灵魂
古长宏,气质津门
古长宏,千尺九号
古长宏,千凯同学
古长宏,千里马常有
古长宏,牵蚂蚁去散步
古长宏,钱辰炳_bva
古长宏,钱光培
古长宏,钱庆雄
古长宏,钱育杭
古长宏,浅灰氏
古长宏,乔氏玫瑰
古长宏,瞧万岁爷
古长宏,且东兄
古长宏,秦皇岛de老Q
古长宏,秦晖2012
古长宏,秦小海superhi
古长宏,青岛摄影师深蓝
古长宏,青林卓玛
古长宏,青鸟唤春2012
古长宏,青穹先生
古长宏,轻舞飞扬85304
古长宏,倾诉网
古长宏,清风流的围脖儿
古长宏,清溪照影
古长宏,清雅飞飞
古长宏,清韵虞山茶
古长宏,晴空莼菜
古长宏,邱世枝律师
古长宏,秋夫人
古长宏,秋秋东写西读
古长宏,秋日往事
古长宏,求知斋
古长宏,球迷李哥
古长宏,屈灵合
古长宏,瞿虹秋
古长宏,曲靖丁瑞江律师
古长宏,曲淘淘要睡觉
古长宏,权舆微曦
古长宏,全国晋商总会
古长宏,全球搞笑榜中榜
古长宏,泉州交警
古长宏,确山双河工商红盾
古长宏,染红珠峰
古长宏,饶国平
古长宏,饶原生
古长宏,人生有棋
古长宏,人我行2011
古长宏,人性的反思
古长宏,仁心侠骨
古长宏,任铁樵
古长宏,任宗林律师
古长宏,荣邦瑞明老李
古长宏,容斋随笔谈
古长宏,如水-在路上
古长宏,如一人生
古长宏,-若-若-
古长宏,萨其驴
古长宏,三A特钢
古长宏,三诚道人
古长宏,三狼WF
古长宏,三老板奔三ing
古长宏,三皮_Harry
古长宏,三十剃头-毛太狼
古长宏,三峡老鹰
古长宏,桑迪-张继明
古长宏,扫马路的司机
古长宏,沙发放中间
古长宏,沙漠无狐
古长宏,啥子你
古长宏,傻小子吧
古长宏,厦门交警张老师
古长宏,山东响马9
古长宏,山东朱玉华律师
古长宏,山高难断野云飞
古长宏,山水嘉禾传媒杨志波
古长宏,山外居
古长宏,山西共青团
古长宏,山西刘江
古长宏,山西省旅游学会高宝贵
古长宏,山西永和县微博
古长宏,山贼zzz
古长宏,删除了一万多条微博的叶子先生
古长宏,汕头杨松波
古长宏,善爱网
古长宏,善待他人就是善待自己
古长宏,善见城_老杨
古长宏,善医行梅姐
古长宏,城映
古长宏,赏心园
古长宏,上党落子
古长宏,上官鹄
古长宏,上海极品策略-博锋
古长宏,上海老笋01
古长宏,上海孙建中律师
古长宏,上海兔斯基
古长宏,上海紫晶洞
古长宏,尚待完成
古长宏,尚可美食
古长宏,烧土大鱼
古长宏,少辩
古长宏,少虎先生
古长宏,少了片D拼图
古长宏,少林健弘
古长宏,少爷--张衡焘
古长宏,O-文少
古长宏,摄色光
古长宏,申德福
古长宏,深海鱼神
古长宏,深圳狼崖
古长宏,深圳老崔
古长宏,深圳刘深
古长宏,深圳律师余刚
古长宏,深圳王庆斌
古长宏,深圳小天
古长宏,深圳晓冬
古长宏,深圳张必洋
古长宏,深圳中南汽车租赁
古长宏,什么什么的
古长宏,神气店小二
古长宏,神曲漫步
古长宏,神f你要勇敢
古长宏,神葳肤Y
古长宏,神州八号99
古长宏,沈红如
古长宏,沈贤志de微博
古长宏,沈阳张晶
古长宏,升级下载中
古长宏,生活就是微博
古长宏,生态旅游学者乌恩
古长宏,圣诞__如花
古长宏,胜利者理智
古长宏,盛京-于夫
古长宏,盛中阳光
古长宏,嵊县
古长宏,失控的西红{
古长宏,诗人艾蒙
古长宏,诗人潘婷
古长宏,狮子山庄刘学文律师
古长宏,施凯-凯歌
古长宏,施威博士
古长宏,施康
古长宏,十月小九九
古长宏,石城小石子2006
古长宏,石河子大学熊建军
古长宏,石家庄的老李
古长宏,石家庄刘占杰
古长宏,石俊荣
古长宏,石磊-远山
古长宏,石文昌A1
古长宏,时报翔哥
古长宏,时光诗人
古长宏,时评眉
古长宏,实话石说-石头
古长宏,实际冬天很美
古长宏,实现小康
古长宏,史进先
古长宏,史努比_吴
古长宏,史一鑫
古长宏,是兆新
古长宏,释仁散仙
古长宏,]丨青果
古长宏,守望自由1267662661
古长宏,首东观察
古长宏,书法家刘健
古长宏,疏浚心河
古长宏,疏离者
古长宏,树欲静而风雨不止
古长宏,双剑破局沈诗雨
古长宏,双鱼晓蕊
古长宏,双鱼座怪蜀黍
古长宏,霜夜白
古长宏,谁家横笛DR
古长宏,水到渠未成
古长宏,水流心不动的微博
古长宏,水墨风景166
古长宏,水c芸
古长宏,税务规划官方微博
古长宏,睡不醒的至尊宝
古长宏,睡不着以及睡不醒de大师兄
古长宏,睡猫Yorick
古长宏,舜网马哥
古长宏,烁儿妈地盘
古长宏,丝丝79
古长宏,私享会
古长宏,思饭辙
古长宏,思想汇聚人生
古长宏,死翼耐萨里奥
古长宏,四分之一船长
古长宏,四裤全输521
古长宏,四品带糖叔叔
古长宏,肆面楚哥
古长宏,宋丞策
古长宏,宋春宇行者
古长宏,宋海的微博
古长宏,宋体金
古长宏,宋子雄律师
古长宏,搜狐文信2011
古长宏,搜食网
古长宏,搜索郑州王国顺
古长宏,苏格拉海底
古长宏,苏桂祥
古长宏,苏莉轶
古长宏,苏妙林
古长宏,苏秀山2012
古长宏,素手馔案-民商邬律师
古长宏,隋锡君
古长宏,随风而去1980
古长宏,随风飘来飘去
古长宏,随风如我
古长宏,随意的行走着
古长宏,随遇而安12072350463
古长宏,孙_伟光
古长宏,孙波的人生
古长宏,孙海波在北京
古长宏,孙海峰
古长宏,孙吉吉吉
古长宏,孙井SJ
古长宏,孙亮V
古长宏,孙铁1972
古长宏,孙文V
古长宏,孙振童鞋
古长宏,索昭小王爷
古长宏,他冻死了夏天
古长宏,他们都叫我老孟
古长宏,他人笑我看太穿
古长宏,台臣倨V
古长宏,太行老狼
古长宏,太极魏晓军
古长宏,太极阴阳五行八卦
古长宏,泰达游侠
古长宏,泰山金刚葫芦娃
古长宏,谭刚强-
古长宏,汤仙仙
古长宏,唐安志
古长宏,唐朝金
古长宏,唐僧要幸福
古长宏,唐贤兴
古长宏,唐笑谈笑
古长宏,糖葫芦孙-北京大思凡
古长宏,糖芋小煲又回来了_爱谦谦
古长宏,涛哥衣旧
古长宏,桃花后园
古长宏,桃花主人
古长宏,陶汉TIGER
古长宏,陶佳-镜子
古长宏,陶陶不绝-同心合一
古长宏,陶伟明
古长宏,陶文冬
古长宏,滕浩华
古长宏,滕某
古长宏,提着砍刀打酱油
古长宏,缇巫
古长宏,体彩王子
古长宏,天边的去
古长宏,天津日报戴云岭
古长宏,天津商铺刘海东
古长宏,天马x君临
古长宏,天马星皮带世家
古长宏,天强林博士
古长宏,天使的微笑800
古长宏,天下奇谋
古长宏,天翔
古长宏,天涯雄仔
古长宏,天涯云起
古长宏,添寒
古长宏,田间卧牛
古长宏,田京波
古长宏,田径成长
古长宏,田俊锴
古长宏,田朗-红木
古长宏,田培善
古长宏,田少Neo
古长宏,田胜豹
古长宏,田舒关注
古长宏,田头稻草人
古长宏,田小牛
古长宏,田兴斌
古长宏,田野龙
古长宏,田正经
古长宏,甜甜笑傲江湖
古长宏,挑兮达兮V
古长宏,铁哥日记718
古长宏,铁马工作室顾凯
古长宏,听风77
古长宏,听风不是雨的吴强
古长宏,听月临风
古长宏,通享压铸沈竹清
古长宏,通州愤怒乌托邦
古长宏,佟辛
古长宏,投资论道王建
古长宏,土豆2008
古长宏,土夫元顺
古长宏,兔爷的围脖V
古长宏,推理之门老蔡
古长宏,拓跋凯文
古长宏,哇不安份的小情绪
古长宏,瓦瓦Vanilla
古长宏,歪说正道
古长宏,玩客丁子
古长宏,玩转东京
古长宏,顽顽咋了
古长宏,晚报社会新闻王旭
古长宏,万能的大熊
古长宏,万庆涛
古长宏,万物由我心
古长宏,万象皆宾客
古长宏,万载网
古长宏,汪满健
古长宏,汪文庆
古长宏,汪亚民
古长宏,汪佐怀
古长宏,王宝明
古长宏,王宝泉微博
古长宏,王才亮律师
古长宏,王超mc-5i
古长宏,王成莹青岛
古长宏,王春猛
古长宏,王达威
古长宏,王东驰
古长宏,王砜-william
古长宏,王甘霖
古长宏,王广滨
古长宏,王海Hunter
古长宏,王海鹏hannah
古长宏,王黑黑同学
古长宏,王洪涛律师
古长宏,王家骢的微博
古长宏,王建国
古长宏,王建平的故事
古长宏,王金云
古长宏,王久辛
古长宏,王克非
古长宏,王克勤
古长宏,王磊_西安
古长宏,王立康
古长宏,王利群
古长宏,王连军律师
古长宏,王亮190
古长宏,王梦婕-王同学
古长宏,王明新词人
古长宏,王明轩
古长宏,王鹏律师
古长宏,王誓华律师
古长宏,王树斌微博
古长宏,王松WangSong
古长宏,王文学微博
古长宏,王先知V
古长宏,王萧峰
古长宏,王晓波
古长宏,王晓鸥_趋势地产
古长宏,王修2151
古长宏,王学武
古长宏,王学湛
古长宏,王亚军北京
古长宏,王艳-博士猫
古长宏,王燕光
古长宏,王耀刚律师
古长宏,王宜
古长宏,王永安微博
古长宏,王勇1974
古长宏,王有旺导演
古长宏,王于京
古长宏,王玉璋wyz
古长宏,王韫琛ART
古长宏,王昭E
古长宏,王者归来SW
古长宏,王子威Leo
古长宏,网络李捕头
古长宏,网事如疯AUV
古长宏,W眼世界
古长宏,旺妮55
古长宏,旺旺的清峪河
古长宏,旺秀才丹
古长宏,望梅空间
古长宏,微笑的去痛片
古长宏,微笑的邕江
古长宏,微笑类星体
古长宏,韦哲微博
古长宏,潍坊公安马江涛
古长宏,潍坊好网
古长宏,伟忠启明
古长宏,玮珥
古长宏,未艾
古长宏,未得糊涂
古长宏,未名湖畔的荒岛
古长宏,谓贤
古长宏,蔚有成-内蒙古
古长宏,魏东V
古长宏,魏方溱
古长宏,魏剑美
古长宏,魏开国研究员
古长宏,温东林
古长宏,温馨港湾你的家
古长宏,温州张宏良
古长宏,文刀-文武
古长宏,文飞设计
古长宏,文汇网
古长宏,文静的女人
古长宏,文韬武略辛弃疾
古长宏,文侠罗竖一
古长宏,文摘
古长宏,闻新者
古长宏,我爱北京
古长宏,我不想说什么
古长宏,我的律师
古长宏,我发布
古长宏,我们都是湖南人
古长宏,我们再呛声
古长宏,我是TIGER爸
古长宏,我是阿戴
古长宏,我是戴刺的玫瑰
古长宏,我是快乐的人1018
古长宏,我是苏老湿
古长宏,我是太阳的味道
古长宏,我是徐欣
古长宏,我说山西好风光
古长宏,我天下一家
古长宏,我要法网
古长宏,我与新能源
古长宏,我与祖国比奋进
古长宏,我只是你的布娃娃
古长宏,乌鸦乱
古长宏,无痕轩
古长宏,无瑕玉兰
古长宏,无影尊者lf
古长宏,无忧行者
古长宏,吾乃饕餮
古长宏,吾评时政
古长宏,吴大大昊
古长宏,吴冬律师
古长宏,吴凤霖
古长宏,吴顾问1970
古长宏,吴海伯
古长宏,吴吉明
古长宏,吴建胜律师
古长宏,吴军sz
古长宏,吴克清
古长宏,吴其伦
古长宏,吴世柱
古长宏,吴万龙01
古长宏,吴下阿
古长宏,吴奕斌-
古长宏,吴有水律师
古长宏,吴泽宇PazzOlivo
古长宏,五老妖
古长宏,五蕴皆崆
古长宏,午夜频率
古长宏,伍宇航同学
古长宏,妩媚不是妖1909
古长宏,武功山藤粒子
古长宏,武汉周琦
古长宏,武伟同学
古长宏,武晓勃
古长宏,武鑫
古长宏,武旭峰
古长宏,悟空休得胡言
古长宏,悟空佐佐
古长宏,西安乘龙
古长宏,西安孙卫民
古长宏,西安许姐
古长宏,西北呼儿
古长宏,西风瘦马2oo9牛仔
古长宏,西楼茶坊
古长宏,西塘墨邻阁阁主
古长宏,西铁李
古长宏,西西2999
古长宏,西粤江郎
古长宏,曦阳暮雨
古长宏,习瑞
古长宏,席秦岭
古长宏,喜欢爱的的
古长宏,喜庆_日子
古长宏,喜之O
古长宏,细腰蚂蚁的燕礼服
古长宏,侠骨柔情的杨华
古长宏,硖石金美凤
古长宏,夏风拂过
古长宏,夏金平
古长宏,夏伦刚
古长宏,夏天来了小猪快跑
古长宏,夏小米V
古长宏,夏雪的早晨
古长宏,夏亚的微博
古长宏,夏在强律师
古长宏,仙泉隐士
古长宏,闲话莫说
古长宏,闲情偶记
古长宏,闲庭信步看世间
古长宏,闲云3650
古长宏,衔得锦标第一归
古长宏,现代钢铁战士
古长宏,献县苍古狼
古长宏,乡医小董
古长宏,相互关注_1th
古长宏,香港卫视宋大伟
古长宏,香瓜贩子1972
古长宏,香辣青豆
古长宏,湘江滴水
古长宏,湘潭-九制槟榔
古长宏,湘潭陶奕
古长宏,翔游于天
古长宏,响铃yoga公主
古长宏,项少龙5211314
古长宏,肖芳华律师
古长宏,肖红袖
古长宏,肖林军-捷恒森
古长宏,肖青衫
古长宏,肖飒律师狮姐
古长宏,肖少华1980
古长宏,肖元良
古长宏,枭铮与CAT
古长宏,萧山悠悠
古长宏,萧亦辰
古长宏,t哥
古长宏,小-_-胖
古长宏,小把戏小人物
古长宏,小笨猪振振
古长宏,小编阿东
古长宏,小彬neo
古长宏,小兵视界
古长宏,小菜-壹碟
古长宏,小草根0417
古长宏,小狗阿b
古长宏,小狗狗汪汪汪
古长宏,小河里游
古长宏,小黑新语
古长宏,小灰灰不会飞-
古长宏,小季伏枥
古长宏,小李锋刀
古长宏,小猛-男
古长宏,小敏爱看书
古长宏,小睿小同学
古长宏,小深V
古长宏,小诗怡的老爸
古长宏,小宋老师
古长宏,小小小律师赵小岑
古长宏,小心_谨慎
古长宏,小周天天
古长宏,小猪心碎无痕
古长宏,晓丶明同W
古长宏,晓矣
古长宏,笑沧海一世
古长宏,笑看333
古长宏,笑林书纪
古长宏,笑谈管理
古长宏,笑笑haoxinqing
古长宏,笑着寻梦
古长宏,笑着走着的浮云
古长宏,写字李华良
古长宏,谢安磊Xavier
古长宏,谢半仙
古长宏,谢寒少爷
古长宏,谢剑喂
古长宏,谢开
古长宏,谢P
古长宏,谢润良
古长宏,谢思敏x
古长宏,谢晓虎tiger
古长宏,谢阳律师911
古长宏,心净福至
古长宏,心理教练严望平
古长宏,心理脱瘾哥何日辉
古长宏,心斋彭旭
古长宏,新东方-大卫李李
古长宏,新居时代孙君
古长宏,新民网事
古长宏,新闻小兵曹文艺
古长宏,新长征人练红宁
古长宏,薪阿
古长宏,信念不会变
古长宏,信心得满满
古长宏,信赢未来
古长宏,星辉易金
古长宏,星晴`犀
古长宏,星雨里
古长宏,邢建民律师
古长宏,邢旭东
古长宏,幸福独钓寒江
古长宏,幸福公社大麦
古长宏,幸福兔太太
古长宏,幸运之星闯人生
古长宏,姓潘字云龙
古长宏,兄弟网郑文涛
古长宏,熊出没or一枫
古长宏,熊华GG
古长宏,熊熊situ
古长宏,修竹415
古长宏,徐枫华
古长宏,徐付群
古长宏,徐杭
古长宏,徐慧-x
古长宏,徐Z文
古长宏,徐鹏飞-茶人
古长宏,徐涛律师
古长宏,许_杰律师
古长宏,许丹
古长宏,许林2009
古长宏,许石兰
古长宏,许子杰微博
古长宏,玄铁藏锋
古长宏,薛继业
古长宏,薛明波
古长宏,薛荣民律师
古长宏,薛燕平
古长宏,薛湛
古长宏,学虎在线
古长宏,学会-宽容-
古长宏,雪姐姐-_-觉得全家赢才是真的赢
古长宏,雪中颂叹
古长宏,雪竹长大了921
古长宏,鸭苗苗
古长宏,雅哥-攒
古长宏,烟燃一笑
古长宏,烟熏波Borry
古长宏,烟雨江南三月
古长宏,延边桂晶
古长宏,闫洁jooyee
古长宏,闫志画
古长宏,严夏
古长宏,言不邪
古长宏,言其
古长宏,妍儿婧
古长宏,盐城仲裁委
古长宏,颜玉松
古长宏,厌非再来
古长宏,燕山老狼
古长宏,燕语君达
古长宏,央视向龙
古长宏,扬州活络说
古长宏,扬州数字电视黄海忠
古长宏,扬州杨华
古长宏,羊城晚报新闻报料中心
古长宏,阳光喜欢躲闪
古长宏,阳光云南行
古长宏,阳光斋书画
古长宏,杨超逸Leo
古长宏,杨化涛
古长宏,杨静Lillian
古长宏,杨俊锋微博
古长宏,杨明刚PKU
古长宏,杨明森_
古长宏,杨佩昌
古长宏,杨鹏Andy
古长宏,杨锐光
古长宏,杨树508
古长宏,杨学林律师
古长宏,杨壹郎
古长宏,杨应该
古长宏,杨于泽
古长宏,杨云舒2011
古长宏,杨珍增
古长宏,铑熵
古长宏,养妞妞的娟娟
古长宏,姚飞律师
古长宏,姚科
古长宏,姚莉萍
古长宏,姚升中
古长宏,姚卫国律师
古长宏,耀锋同学
古长宏,野鹤冰壶
古长宏,野狼资讯
古长宏,叶二蛮
古长宏,夜半酣酒江月下
古长宏,一成china
古长宏,一池萍碎
古长宏,一华独秀
古长宏,一颗炒豆
古长宏,一路通_北京联通
古长宏,一面之缘
古长宏,一诺不言
古长宏,一生沉寂
古长宏,一头快乐幸福的牛牛
古长宏,一网打尽1861
古长宏,一叶兰舟-
古长宏,一只笨笨熊才
古长宏,一种循环么么哒
古长宏,伊锘
古长宏,伊彦律师
古长宏,依然怡苒
古长宏,壹F界丶YOMI
古长宏,以勤修为
古长宏,以色列的阳光
古长宏,蚁集
古长宏,倚天万里须长剑
古长宏,义不用
古长宏,忆梦
古长宏,亦忱
古长宏,译者李阳
古长宏,易瀛散人
古长宏,奕璇72变
古长宏,逸声
古长宏,音乐人杨海潮
古长宏,殷慧芬的微博
古长宏,吟游诗人骏
古长宏,尹志明律师
古长宏,胤丞
古长宏,英文与投资
古长宏,鹰眸深邃
古长宏,鹰在江湖
古长宏,盈科股改律师刘全中
古长宏,瀛洲静石BG4ENT
古长宏,影像
古长宏,永不离弃0
古长宏,永远的廿二
古长宏,俑哥008
古长宏,优优老爹
古长宏,幽壹
古长宏,友邦董毅
古长宏,有理说不通
古长宏,於语的小窝
古长宏,于仁科Kevin
古长宏,于任飞
古长宏,于相龙
古长宏,于一爽
古长宏,于长影
古长宏,余承冬
古长宏,余丰慧
古长宏,余耕
古长宏,余杭公安胡冰
古长宏,余荩
古长宏,余明警官
古长宏,余佩函
古长宏,余若水
古长宏,余头梯且er
古长宏,余文生律师
古长宏,余小清新
古长宏,愉悦AB
古长宏,虞大律师
古长宏,虞立忠
古长宏,愚钝的海翔
古长宏,宇过天新
古长宏,雨浓孟越Brenda
古长宏,雨中洗尘
古长宏,庾云彰
古长宏,玉山顶上一棵葱
古长宏,预言准择
古长宏,豫中丰田任涛
古长宏,冤案世界
古长宏,元芳看咸阳中院是黑社会
古长宏,O朝旭
古长宏,O健
古长宏,袁春伟
古长宏,原生态草根
古长宏,原童童的爸
古长宏,原装安全师二手安评师
古长宏,媛宝糖
古长宏,媛小荣
古长宏,缘与团
古长宏,月清馨
古长宏,岳塘新闻网
古长宏,SFF
古长宏,晕倒的乌鸦
古长宏,晕过去的牛牛
古长宏,晕
古长宏,云层里的自由之心
古长宏,云南凌云律师事务所
古长宏,云泉微博
古长宏,云中i漫步
古长宏,云中散步of9bluecat
古长宏,运城网络
古长宏,在宽容中崛起
古长宏,泽亚哥
古长宏,詹礼愿律师
古长宏,展翅高飞1985
古长宏,展先生_KevinZ
古长宏,战略教授
古长宏,战神狼
古长宏,张步洪
古长宏,张春文V
古长宏,张大牙-
古长宏,张德欣
古长宏,张冬冬曰
古长宏,张革
古长宏,张弓长1981
古长宏,张桂贵
古长宏,张国律师
古长宏,张瀚中
古长宏,张行健Andy
古长宏,张红旗
古长宏,张红生ty
古长宏,张焕Evan
古长宏,张家港自驾达人王学明
古长宏,张建民-微博
古长宏,张桨
古长宏,张京伟
古长宏,张来丰
古长宏,张老庄主
古长宏,张礼僧KOP
古长宏,张梁emilio
古长宏,张亮773
古长宏,张奈儿_
古长宏,张启明v
古长宏,张强律师
古长宏,张荣奎
古长宏,张世昌山西
古长宏,张天壹
古长宏,张万里
古长宏,张望律师
古长宏,张为臻
古长宏,张伟8688
古长宏,张文彦de微博
古长宏,张小成Vincent
古长宏,张晓岚
古长宏,张恩
古长宏,张雄飞律师
古长宏,张修林微博
古长宏,张需聪律师
古长宏,张学友模仿秀达人姜耀
古长宏,张涌V博
古长宏,张宇-北京
古长宏,张玉洪
古长宏,张之俭
古长宏,张志-tree
古长宏,张志魁
古长宏,张志远的数字音乐
古长宏,章立凡
古长宏,章阅
古长宏,h|
古长宏,
古长宏,长安城公子
古长宏,长安卖炭翁
古长宏,长安县令
古长宏,长城艺术
古长宏,长空-皓月
古长宏,长乐未央行
古长宏,长沙茉莉
古长宏,长孙-梦溪
古长宏,找一个座
古长宏,赵春雷
古长宏,赵贵廷
古长宏,赵冀龙
古长宏,赵金良
古长宏,赵佩暄
古长宏,赵萍的消费经济评论
古长宏,赵颂v
古长宏,赵玄朗
古长宏,赵炎
古长宏,赵彦的语
古长宏,赵紫东2010
古长宏,哲彦-BG6IDF
古长宏,这个围脖不太冷-SanDeco
古长宏,浙东老马
古长宏,珍壶轩怪谈
古长宏,真菌甘
古长宏,真尚美摄影_ken
古长宏,真实的MYL
古长宏,真我的风采_投行民工
古长宏,镇江招行
古长宏,铮亮的额头
古长宏,正本管理
古长宏,正言品格
古长宏,郑海容
古长宏,郑凯Kay
古长宏,郑-青华
古长宏,郑小平2011
古长宏,郑永鹏NOLIMIT
古长宏,郑州的士王伟
古长宏,郑州公交孙跃青
古长宏,郑州晚报孙晓菲
古长宏,郑州新闻广播刘路
古长宏,郑孜舟
古长宏,政法网络舆情
古长宏,知足常VV66
古长宏,直播郑州360
古长宏,纸磨坊刘水晶
古长宏,至诚大兵
古长宏,挚爱净土golden故乡
古长宏,智杰7777777
古长宏,中传坏蛋
古长宏,中国百姓网v
古长宏,中国的东倒西歪的老东西唐新伟
古长宏,中国典当联盟网
古长宏,中国格非
古长宏,中国公民李博客
古长宏,中国画家胡锦雄
古长宏,中国老陌
古长宏,中国青年A
古长宏,中国新疆第一博
古长宏,中国雅虎新闻中心
古长宏,中国艺术品收藏
古长宏,中寰创世胡志辉
古长宏,中举范进
古长宏,中俊崔春婷
古长宏,中频炉周代
古长宏,中青旅新疆公司郑穗
古长宏,中途岛2011
古长宏,中讯设计常春
古长宏,中原地产周润川Jacky
古长宏,中原枪手
古长宏,中原之鹰
古长宏,终南会智
古长宏,钟鼎文微博
古长宏,钟光伟2010
古长宏,钟辉-青藤苦瓜
古长宏,钟山烟雨扫叶楼
古长宏,钟伟生于包头
古长宏,钟新社
古长宏,钟鱼懂了
古长宏,肿瘤专家陈小兵
古长宏,种树的老人
古长宏,仲裁员火中莲
古长宏,众萃黄宗荣
古长宏,舟亦洲
古长宏,周扒皮子
古长宏,周边游张文龙
古长宏,周华平0102
古长宏,周家群
古长宏,周京平
古长宏,周明华1
古长宏,周难的微博
古长宏,周宁心理医生
古长宏,周蓬安
古长宏,周山3501
古长宏,周杉
古长宏,周诗华
古长宏,周石星
古长宏,周士君牧野风
古长宏,周威律师
古长宏,周文彬2010
古长宏,周文艺的微博
古长宏,周懿懿
古长宏,周瑜的地铁
古长宏,周钰帆
古长宏,周志兴
古长宏,朱陈康律师
古长宏,朱光荣律师
古长宏,朱剑锐
古长宏,朱学东
古长宏,朱雪娇
古长宏,朱永新
古长宏,朱长振
古长宏,诸葛清酒
古长宏,诸葛岩宇
古长宏,T葛Q夫
古长宏,竹直先生
古长宏,主播满意
古长宏,主播张东
古长宏,主持人吕光
古长宏,主持中国
古长宏,注视者向杰
古长宏,庄海洋
古长宏,庄尼仔V
古长宏,追随本心
古长宏,追星老妈
古长宏,桌不凡
古长宏,禚洪梅
古长宏,资深广告人王鹏
古长宏,紫色浪漫小白
古长宏,紫燕雅然
古长宏,自由的天地行者
古长宏,自由浩瀚_mik
古长宏,自有体
古长宏,自种天然
古长宏,邹杰来了
古长宏,走私犯也
古长宏,租车人_石磊
古长宏,祖传钟医
古长宏,最热品牌排行榜
古长宏,作家金满楼
古长宏,作文簿1970
郭海燕v,____梁耀华
郭海燕v,D调O_o得得
郭海燕v,hi徐强
郭海燕v,jianming01
郭海燕v,kelly--付
郭海燕v,lanxi_1988
郭海燕v,LI沐阳
郭海燕v,ooof
郭海燕v,qianqi625
郭海燕v,UYyken_陈鹏
郭海燕v,vivianqueen乔乔
郭海燕v,丁春晖编辑
郭海燕v,冬瓜伊甸园
郭海燕v,朵儿的小围脖
郭海燕v,发发好运
郭海燕v,法大出版社编辑张阳
郭海燕v,肥猪_SWAN
郭海燕v,风铃青轻
郭海燕v,复兴门外2号
郭海燕v,公民高健
郭海燕v,顾金龙
郭海燕v,顾金龙-法律
郭海燕v,郭栋磊
郭海燕v,海会清莲
郭海燕v,好好睡觉
郭海燕v,胡献旁律师
郭海燕v,甲壳虫卡牌
郭海燕v,快乐爱阳光公益
郭海燕v,快乐小安然
郭海燕v,快张开嘴巴-我要射了
郭海燕v,老赵不加V
郭海燕v,李雪菲V
郭海燕v,刘佳rayyaa
郭海燕v,刘锦荣-
郭海燕v,每天平安喜乐
郭海燕v,七棱柱
郭海燕v,人民出版社编辑邓创业
郭海燕v,推动力晴晴
郭海燕v,无淡定_不习惯_很菜
郭海燕v,象天健
郭海燕v,一只眼睛看世界99
郭海燕v,勇敢的暖暖
郭海燕v,张蛋薇要减肥
郭海燕v,张红敏Fiona
郭海燕v,找唠叨阁
郭海燕v,政法大学出版社策划编辑张晶晶
郭海燕v,中国政法大学出版社编辑魏星
郭海燕v,主爱合一婚恋学堂
郭海燕v,主持人方雅
郭海燕v,紫OO叶
郭海燕v,左加一
临汾日报广告部刘勇,__zZ__zZ
临汾日报广告部刘勇,1239438203_f5ddb4
临汾日报广告部刘勇,3293745gzf
临汾日报广告部刘勇,BQ媒体从业者
临汾日报广告部刘勇,CCTV14
临汾日报广告部刘勇,coco乐乐V
临汾日报广告部刘勇,danganyo49625_2c13c9
临汾日报广告部刘勇,Daniel彭涵
临汾日报广告部刘勇,FM107赵晋伟
临汾日报广告部刘勇,hai海缃艏
临汾日报广告部刘勇,honeyhappy6868
临汾日报广告部刘勇,honey常陆院馨
临汾日报广告部刘勇,Laowang
临汾日报广告部刘勇,LED发光广告招牌
临汾日报广告部刘勇,lovely润物细无声
临汾日报广告部刘勇,LOVE鸿儒
临汾日报广告部刘勇,love乔心
临汾日报广告部刘勇,MAXUS大通-山西彩虹
临汾日报广告部刘勇,mjy票风令羽
临汾日报广告部刘勇,ooof
临汾日报广告部刘勇,PICC芮城人民保险
临汾日报广告部刘勇,Pol_蓓
临汾日报广告部刘勇,Rainy的马甲
临汾日报广告部刘勇,sweet飞鸾
临汾日报广告部刘勇,Tang艹cuier-
临汾日报广告部刘勇,UFIDA用友服务中心
临汾日报广告部刘勇,zhiyud2912_95954b
临汾日报广告部刘勇,阿丁哥
临汾日报广告部刘勇,啊哦me在线
临汾日报广告部刘勇,爱生活爱邹春
临汾日报广告部刘勇,安泽联通-沃3G
临汾日报广告部刘勇,白纱糖摄影会馆
临汾日报广告部刘勇,百汇传播-张铭峰
临汾日报广告部刘勇,保留幸福记忆
临汾日报广告部刘勇,北京现代运城泽龙店
临汾日报广告部刘勇,贝你你喔
临汾日报广告部刘勇,本人惠东
临汾日报广告部刘勇,鄙人靠谱的jade
临汾日报广告部刘勇,不加油不走汽车
临汾日报广告部刘勇,陈霜霜霜
临汾日报广告部刘勇,诚心等你
临汾日报广告部刘勇,诚信186
临汾日报广告部刘勇,崇尚-正义
临汾日报广告部刘勇,从那一天起2012fim
临汾日报广告部刘勇,得了失心疯的我
临汾日报广告部刘勇,丶海市蜃楼999
临汾日报广告部刘勇,东方望梅
临汾日报广告部刘勇,东方园林-领秀中国
临汾日报广告部刘勇,段萁蒽
临汾日报广告部刘勇,婀娜多姿-依娜
临汾日报广告部刘勇,法治扫描
临汾日报广告部刘勇,飞雪雷鸣
临汾日报广告部刘勇,奋斗中的珍珍
临汾日报广告部刘勇,风家少主
临汾日报广告部刘勇,高速守望的机器画匠
临汾日报广告部刘勇,姑娘住在少林寺6
临汾日报广告部刘勇,管喻
临汾日报广告部刘勇,光速网络
临汾日报广告部刘勇,广西小河涓涓
临汾日报广告部刘勇,广州市唱起来汽车影音体验中心
临汾日报广告部刘勇,郭康_
临汾日报广告部刘勇,郭世民8604
临汾日报广告部刘勇,郭小厮
临汾日报广告部刘勇,国合快车汽车服务连锁
临汾日报广告部刘勇,还是雨田
临汾日报广告部刘勇,汉博瓷业
临汾日报广告部刘勇,合肥车友网_r60
临汾日报广告部刘勇,河津联通文苑营业厅
临汾日报广告部刘勇,河津网
临汾日报广告部刘勇,嗨迷药
临汾日报广告部刘勇,红莲cnbfans
临汾日报广告部刘勇,洪洞在线网
临汾日报广告部刘勇,侯红亮1980
临汾日报广告部刘勇,胡博就是胡博
临汾日报广告部刘勇,花想容012
临汾日报广告部刘勇,黄土高坡的竹子
临汾日报广告部刘勇,晃可能性
临汾日报广告部刘勇,灰
临汾日报广告部刘勇,辉到明天
临汾日报广告部刘勇,纪宝贝--
临汾日报广告部刘勇,家笔
临汾日报广告部刘勇,奸笑的毛毛虫
临汾日报广告部刘勇,-金醋科技-
临汾日报广告部刘勇,晋商吴鹏汐
临汾日报广告部刘勇,京东团临汾
临汾日报广告部刘勇,精品女装外贸
临汾日报广告部刘勇,婧么婧pyx
临汾日报广告部刘勇,开心警事
临汾日报广告部刘勇,康杰二中语文组
临汾日报广告部刘勇,可可smx
临汾日报广告部刘勇,连云港苍梧服饰干洗店老板家女儿
临汾日报广告部刘勇,连云港广告网
临汾日报广告部刘勇,连云港--梁敏
临汾日报广告部刘勇,联合麦斯博文
临汾日报广告部刘勇,亮品天下L
临汾日报广告部刘勇,临汾卞志强
临汾日报广告部刘勇,临汾都市农夫
临汾日报广告部刘勇,临汾恒大华府
临汾日报广告部刘勇,临汾花果城网
临汾日报广告部刘勇,临汾锦华丰田
临汾日报广告部刘勇,临汾李天恩
临汾日报广告部刘勇,临汾鲁松
临汾日报广告部刘勇,临汾锣鼓桥上海大众汽车微博
临汾日报广告部刘勇,临汾人保直属营销部
临汾日报广告部刘勇,临汾水良白
临汾日报广告部刘勇,临汾文之星教育
临汾日报广告部刘勇,临汾现代女子医院
临汾日报广告部刘勇,临汾用友
临汾日报广告部刘勇,临汾在线门户网
临汾日报广告部刘勇,灵通婚恋-姚军燕
临汾日报广告部刘勇,灵通资讯冯丽
临汾日报广告部刘勇,灵通资讯汽车编辑
临汾日报广告部刘勇,灵通资讯杨霞
临汾日报广告部刘勇,刘凯龙198916
临汾日报广告部刘勇,刘润田
临汾日报广告部刘勇,柳哲_fey
临汾日报广告部刘勇,绿色之印刷
临汾日报广告部刘勇,马腾飞_河津腾飞瓷砖
临汾日报广告部刘勇,没见过性感的师太
临汾日报广告部刘勇,媒介网官方微博
临汾日报广告部刘勇,美胸丰乳
临汾日报广告部刘勇,梦想家冯莉
临汾日报广告部刘勇,明祖颜
临汾日报广告部刘勇,陌年的QQ
临汾日报广告部刘勇,目标实现57
临汾日报广告部刘勇,黏人的小猪猪
临汾日报广告部刘勇,捏捏自己的耳朵
临汾日报广告部刘勇,柠檬草-玉
临汾日报广告部刘勇,片汤志勇
临汾日报广告部刘勇,奇瑞车友
临汾日报广告部刘勇,琦贝贝2010
临汾日报广告部刘勇,千杯罪m
临汾日报广告部刘勇,轻轻走过的世界
临汾日报广告部刘勇,清泉长安月
临汾日报广告部刘勇,人类总动员
临汾日报广告部刘勇,儒子啊
临汾日报广告部刘勇,厦门美食小吃
临汾日报广告部刘勇,山西打工妹妹
临汾日报广告部刘勇,山西河津阳光单车俱乐部
临汾日报广告部刘勇,山西侯姝君
临汾日报广告部刘勇,山西临汾人姚建
临汾日报广告部刘勇,山西临汾纸鸢
临汾日报广告部刘勇,山西刘文景
临汾日报广告部刘勇,山西中汽贸联一汽-大众4S店
临汾日报广告部刘勇,善良的彭文武
临汾日报广告部刘勇,上海大众临汾新盛红龙4S店
临汾日报广告部刘勇,设计好个王亮V
临汾日报广告部刘勇,生活三爱
临汾日报广告部刘勇,十二院城
临汾日报广告部刘勇,石_
临汾日报广告部刘勇,时评眉
临汾日报广告部刘勇,逝去的年华流水
临汾日报广告部刘勇,收割幸福-的2
临汾日报广告部刘勇,手机用户1854780934
临汾日报广告部刘勇,手机用户2458722397
临汾日报广告部刘勇,手机用户3014014105
临汾日报广告部刘勇,思成易购
临汾日报广告部刘勇,夙夙夙愿
临汾日报广告部刘勇,随意来遐想
临汾日报广告部刘勇,他她名鞋运动店
临汾日报广告部刘勇,太原大昌雷克萨斯
临汾日报广告部刘勇,淘宝兼职天猫网络
临汾日报广告部刘勇,淘宝运营经验共享
临汾日报广告部刘勇,天道酬勤whj
临汾日报广告部刘勇,庭hao的春天
临汾日报广告部刘勇,王王王王王王王王王王壮
临汾日报广告部刘勇,网上车市-临汾站
临汾日报广告部刘勇,忘殇丿To流年
临汾日报广告部刘勇,未亦
临汾日报广告部刘勇,无解-方程
临汾日报广告部刘勇,吴洋-KS记忆中的天空
临汾日报广告部刘勇,伍加伍摄影杨琳
临汾日报广告部刘勇,西部广告网
临汾日报广告部刘勇,奚乐飘香
临汾日报广告部刘勇,洗车人家付迎
临汾日报广告部刘勇,下一站幸福故事521
临汾日报广告部刘勇,香樟2012
临汾日报广告部刘勇,小青年_fan
临汾日报广告部刘勇,小鱼的半盏时光
临汾日报广告部刘勇,小语小心言
临汾日报广告部刘勇,心灵的伦巴
临汾日报广告部刘勇,心想的繁华
临汾日报广告部刘勇,心雨201266
临汾日报广告部刘勇,星火灯手
临汾日报广告部刘勇,幸福Mirand
临汾日报广告部刘勇,幸福的皮肉肉
临汾日报广告部刘勇,丫头_时光风靡的那些旧背影
临汾日报广告部刘勇,妖精梅西
临汾日报广告部刘勇,一切都是浮云2013
临汾日报广告部刘勇,一塌糊涂w
临汾日报广告部刘勇,一叶风尘舟
临汾日报广告部刘勇,一只眼睛马甲
临汾日报广告部刘勇,一舟书店
临汾日报广告部刘勇,伊仪梅君462
临汾日报广告部刘勇,衣服店123
临汾日报广告部刘勇,依诺渲渲
临汾日报广告部刘勇,亦真亦幻mary
临汾日报广告部刘勇,奕香ks
临汾日报广告部刘勇,营销专家杜志国
临汾日报广告部刘勇,与传销抵抗到底
临汾日报广告部刘勇,语p婕格
临汾日报广告部刘勇,云飞扬d
临汾日报广告部刘勇,运城宝诚宝马店
临汾日报广告部刘勇,运城车行网
临汾日报广告部刘勇,运城看房网
临汾日报广告部刘勇,运城李高武
临汾日报广告部刘勇,运城罗门婚纱
临汾日报广告部刘勇,运城牵手婚庆礼仪策划
临汾日报广告部刘勇,运城桑尼英语教育
临汾日报广告部刘勇,运城搜搜团
临汾日报广告部刘勇,运城校园
临汾日报广告部刘勇,运城扬帆
临汾日报广告部刘勇,运城一汽马自达
临汾日报广告部刘勇,张莹超
临汾日报广告部刘勇,长安汽车山西运城通达4S店
临汾日报广告部刘勇,赵梓先赵梓先
临汾日报广告部刘勇,正腾123
临汾日报广告部刘勇,政府法制杂志社李武科
临汾日报广告部刘勇,只想安静的死去v
临汾日报广告部刘勇,职场v风云
临汾日报广告部刘勇,治源
临汾日报广告部刘勇,中国好腐女
临汾日报广告部刘勇,中国--河北利安驾校
临汾日报广告部刘勇,中国山西陈军
临汾日报广告部刘勇,中视鸿影北京数字科技有限公司
临汾日报广告部刘勇,终败网络
临汾日报广告部刘勇,终端网购服务门户--微互网
临汾日报广告部刘勇,装B也要低调
临汾日报广告部刘勇,追忆笑生活
临汾日报广告部刘勇,子慕_宇飞酱
临汾日报广告部刘勇,宗富2010
临汾日报广告部刘勇,醉影弄清风
临汾日报广告部刘勇,坐看云起lg
临汾生活小编,_木子先森_
临汾生活小编,001偶然
临汾生活小编,0357临汾旅游
临汾生活小编,24券团购网襄阳站
临汾生活小编,aya大小s通吃
临汾生活小编,A拼命
临汾生活小编,BBF晓姣
临汾生活小编,CCTV驴友频道
临汾生活小编,c不our枯age
临汾生活小编,Emery-color
临汾生活小编,Jacky-恒
临汾生活小编,jiangjiang4541
临汾生活小编,KOHLERKOHLER
临汾生活小编,L--盆盆
临汾生活小编,MarioGuo
临汾生活小编,ooof
临汾生活小编,Oo盈
临汾生活小编,PreacherMan
临汾生活小编,Simplicity_小z
临汾生活小编,sunny_葵儿er
临汾生活小编,SXJC郭涛
临汾生活小编,TendsY
临汾生活小编,Utopia围脖
临汾生活小编,vke巾凡
临汾生活小编,Z佳年华
临汾生活小编,爱出者爱归
临汾生活小编,爱美团爱临汾
临汾生活小编,安泽186
临汾生活小编,奥迪车友汇
临汾生活小编,搬来救兵的八戒
临汾生活小编,彼岸之南
临汾生活小编,遍地荷尔蒙泛滥
临汾生活小编,别的小朋友们
临汾生活小编,博航临汾机票
临汾生活小编,不喜欢被模仿
临汾生活小编,菜男烧小菜
临汾生活小编,蔡觅露Hellen
临汾生活小编,蔡小豆丶
临汾生活小编,扯扯扯--cxd
临汾生活小编,陈S
临汾生活小编,璀璨命莫名泪
临汾生活小编,大胖子099
临汾生活小编,带木鱼的ET
临汾生活小编,单身公主--
临汾生活小编,樊lele
临汾生活小编,{
临汾生活小编,方WO糖
临汾生活小编,方向888999
临汾生活小编,汾西联通平凡的我
临汾生活小编,风驰电掣的牛车
临汾生活小编,风雨雪露
临汾生活小编,疯子android
临汾生活小编,冯淘淘Jim
临汾生活小编,高山Syuha
临汾生活小编,乖乖的悲伤留给自己
临汾生活小编,关艳锦
临汾生活小编,关于断刀
临汾生活小编,关注越多精彩更多
临汾生活小编,广东13642678916
临汾生活小编,果果or猪猪
临汾生活小编,韩梓修
临汾生活小编,行继伟_kimi
临汾生活小编,和谐痴呆
临汾生活小编,黑豆刨冰
临汾生活小编,侯马买买提
临汾生活小编,花花_
临汾生活小编,欢喜宝宝豆
临汾生活小编,^[
临汾生活小编,CC
临汾生活小编,建行临汾分行电子银行
临汾生活小编,锦妈闲言碎语
临汾生活小编,京都-刘宏擘
临汾生活小编,京津微笑天使李晶
临汾生活小编,精彩沃派
临汾生活小编,境界无边
临汾生活小编,卷卷大变身
临汾生活小编,可爱的龙龙2090778061
临汾生活小编,快乐的小蜗牛8
临汾生活小编,拉手网临汾站
临汾生活小编,兰陀居士
临汾生活小编,懒猫就爱晒太阳
临汾生活小编,浪尖开花
临汾生活小编,立彤87527
临汾生活小编,联通永安
临汾生活小编,联通张静杰
临汾生活小编,临汾10010
临汾生活小编,临汾东方红
临汾生活小编,临汾范炜
临汾生活小编,临汾红玫瑰幸福
临汾生活小编,临汾黄正东
临汾生活小编,临汾九鼎
临汾生活小编,临汾老牛
临汾生活小编,临汾李天恩
临汾生活小编,临汾联花
临汾生活小编,临汾联通晓燕沃在微博
临汾生活小编,临汾吕鑫
临汾生活小编,临汾麦穗
临汾生活小编,临汾穆帆
临汾生活小编,临汾秦芳
临汾生活小编,临汾生活网
临汾生活小编,临汾水良白
临汾生活小编,临汾王伟
临汾生活小编,临汾欣妤随笔
临汾生活小编,临汾赵云林
临汾生活小编,临汾装饰家具行业协会
临汾生活小编,琳琳90928
临汾生活小编,蔺磊-张妙阳配音网
临汾生活小编,聆听佛吟
临汾生活小编,刘易铭匀
临汾生活小编,龙成骑士
临汾生活小编,萝莉女干部
临汾生活小编,妈妈网免费试用
临汾生活小编,马大毛1855
临汾生活小编,麦迪娜丽
临汾生活小编,满目疮痍滴繁华
临汾生活小编,美女木公
临汾生活小编,美团临汾
临汾生活小编,米索咪啦
临汾生活小编,鸣人二世
临汾生活小编,魔舰七七
临汾生活小编,那缕缕阳光
临汾生活小编,宁静的繁荣
临汾生活小编,女C_C子
临汾生活小编,鹏鹏真给力
临汾生活小编,平凡人皇上
临汾生活小编,祁巍晶
临汾生活小编,钱堆堆v
临汾生活小编,巧克力奶幸福
临汾生活小编,亲_美妞Y
临汾生活小编,勤劳的天使在笑
临汾生活小编,青苹果abc
临汾生活小编,清澈的那片海
临汾生活小编,清水-河畔
临汾生活小编,任宝宝-勿忘心安
临汾生活小编,三晋帅哥董杰
临汾生活小编,山西鬼才无邪
临汾生活小编,山西兰草
临汾生活小编,山西老醋儿
临汾生活小编,山西临汾张红胜
临汾生活小编,山西孙燕姿
临汾生活小编,涉江寻玉
临汾生活小编,生丶活
临汾生活小编,生活三爱
临汾生活小编,生活网小编
临汾生活小编,施瓦辛格星闻
临汾生活小编,世赢企划商务咨询
临汾生活小编,手镯儿
临汾生活小编,水迷宫Marcelina
临汾生活小编,孙吉森
临汾生活小编,太阳骑士夫人
临汾生活小编,太原大南门3G辅导中心
临汾生活小编,太原申波
临汾生活小编,太原生活网小编
临汾生活小编,糖豆豆豆豆包
临汾生活小编,陶子0507
临汾生活小编,特石有机农场
临汾生活小编,甜甜爱丹
临汾生活小编,统一满汉大餐
临汾生活小编,褪去轻浮
临汾生活小编,d夜深沉d
临汾生活小编,王阿阿猫
临汾生活小编,为中华环保而生
临汾生活小编,温柔帅气0061
临汾生活小编,我本善良77521
临汾生活小编,吾实事求是
临汾生活小编,午后阳光--寻找你
临汾生活小编,希良洁
临汾生活小编,襄阳生活网
临汾生活小编,小哥阿红
临汾生活小编,小海and心兔
临汾生活小编,小蟹男
临汾生活小编,小幸福Emily
临汾生活小编,晓静的幸福小窝
临汾生活小编,新疆水果
临汾生活小编,鑫鑫平安康乐
临汾生活小编,幸福到永远
临汾生活小编,幸福的刘胖纸
临汾生活小编,宿命丶长忆
临汾生活小编,徐瑞华六
临汾生活小编,徐侠侠侠客
临汾生活小编,许扬慧子
临汾生活小编,选择性困难症
临汾生活小编,杨紫钰
临汾生活小编,尧通
临汾生活小编,一花一世界yyj
临汾生活小编,依偌灸
临汾生活小编,易车张康
临汾生活小编,毅然小混混
临汾生活小编,音调在悬崖-
临汾生活小编,莹莹莹莹莹-lee
临汾生活小编,有容乃大2085672305
临汾生活小编,又谁共鸣
临汾生活小编,右边最ai的爽爽
临汾生活小编,右耳小柒
临汾生活小编,雨点的雨点
临汾生活小编,跃利
临汾生活小编,翟文娟a
临汾生活小编,张鑫律_Aquarius
临汾生活小编,二磊Allen
临汾生活小编,中国山西陈军
临汾生活小编,周颖的blog
临汾生活小编,追梦珊
临汾生活小编,左岸-时光消逝
临汾生活小编,做人要中规中矩
临汾声音,__陈欣_
临汾声音,Happy哥滴爹
临汾声音,huangtc0089
临汾声音,ooof
临汾声音,Sweety高艺轩
临汾声音,艾米粒9880
临汾声音,爱唱歌的闷葫芦
临汾声音,奔驰临汾之星4S店
临汾声音,陈S
临汾声音,大美女小乔
临汾声音,帝王斗鬼
临汾声音,郭海滨_
临汾声音,郭行杰
临汾声音,郭楷楠
临汾声音,贺云峰要开心
临汾声音,华门苑0001
临汾声音,吉建国的微博
临汾声音,开心元青花
临汾声音,李俊刚
临汾声音,临汾-阿栗
临汾声音,临汾安泽共青团
临汾声音,临汾博爱生殖医学医院
临汾声音,临汾都市农夫
临汾声音,临汾房产圈
临汾声音,临汾恒安新东城
临汾声音,临汾恒大华府
临汾声音,临汾黄正东
临汾声音,临汾蓝天救援队
临汾声音,临汾联花
临汾声音,临汾联通
临汾声音,临汾领秀传媒
临汾声音,临汾-露胖
临汾声音,临汾牛人帮唐瑶
临汾声音,临汾汽车网01
临汾声音,临汾水良白
临汾声音,临汾田丰
临汾声音,临汾微生活
临汾声音,临汾萧萧
临汾声音,临汾翼城共青团
临汾声音,吕昱烨道家养生
临汾声音,民间专反公检法腐败协会
临汾声音,沐沐小熊
临汾声音,那岂不
临汾声音,牛雅
临汾声音,山西临汾刘四毛
临汾声音,山西临汾人姚建
临汾声音,山西刘烨影视
临汾声音,山西卢斌
临汾声音,山西煤销-临汾
临汾声音,山西师大236爱心社
临汾声音,山西提督
临汾声音,上党申晓峰
临汾声音,升腾的海水
临汾声音,手机用户2980914241
临汾声音,孙果贝尔爱慈善
临汾声音,孙进军
临汾声音,天下同根
临汾声音,吐槽北京2B商家
临汾声音,万信拍卖
临汾声音,网络新闻拍客
临汾声音,忘川o0o
临汾声音,微博肖伟
临汾声音,我们爱临汾
临汾声音,沃地寒士
临汾声音,吴三有点小混乱mess
临汾声音,小小小孙_dreamer
临汾声音,笑得很荡
临汾声音,心理咨询师-李
临汾声音,妖精梅西
临汾声音,夜焰_
临汾声音,一汽-大众临汾银光4S店
临汾声音,翼城小孔
临汾声音,运城论坛001
临汾声音,张莹超
临汾声音,长春饭店小奶油
临汾声音,臻石de大圣
临汾声音,臻石文化传媒
临汾天朝网络,c不our枯age
临汾天朝网络,ooof
临汾天朝网络,婷LAO妈
临汾天朝网络,逸芳画廊
路人甲也受伤,__zZ__zZ
路人甲也受伤,_七匹狼_
路人甲也受伤,001偶然
路人甲也受伤,2367-木子
路人甲也受伤,Amazon-J
路人甲也受伤,Angel_小~
路人甲也受伤,bird-hottest-yanziliu
路人甲也受伤,e学究
路人甲也受伤,heyiming
路人甲也受伤,kanong
路人甲也受伤,Katherine-Q
路人甲也受伤,lf龙腾九洲
路人甲也受伤,Lo梦秋oK
路人甲也受伤,L江江童鞋
路人甲也受伤,Mermaid莎莎
路人甲也受伤,miraclerui521
路人甲也受伤,MissVanessa申琦
路人甲也受伤,MI李瑞
路人甲也受伤,Olivia00
路人甲也受伤,ooof
路人甲也受伤,OutMan--大
路人甲也受伤,Shellyfang
路人甲也受伤,so_lovely_
路人甲也受伤,soda_蕾子_我要减肥
路人甲也受伤,Sun晒Sky
路人甲也受伤,SXHMQY
路人甲也受伤,TendsY
路人甲也受伤,Timetosaybyebye
路人甲也受伤,Vita琳
路人甲也受伤,wanna瑾o
路人甲也受伤,Wo寒松
路人甲也受伤,yf195699
路人甲也受伤,爱吐槽的年糕qi
路人甲也受伤,爱屋及乌100
路人甲也受伤,俺不加v
路人甲也受伤,暴走簇
路人甲也受伤,笨笨家的笨笨
路人甲也受伤,别的小朋友们
路人甲也受伤,不曾记何来忘
路人甲也受伤,扯扯扯--cxd
路人甲也受伤,大_Sunshine
路人甲也受伤,川雾杰熙mmmmmmmmmmm
路人甲也受伤,大牛1989
路人甲也受伤,但愿人长久005
路人甲也受伤,稻--草-人
路人甲也受伤,点燃一支烟燃烧人生
路人甲也受伤,钓鱼岛拖死美国和小日本
路人甲也受伤,尔马莉
路人甲也受伤,二姑娘Amy
路人甲也受伤,方向888999
路人甲也受伤,非凡灵韵
路人甲也受伤,疯子android
路人甲也受伤,峰铃-紫烟why
路人甲也受伤,S留草~禾
路人甲也受伤,伽蓝酒香醇
路人甲也受伤,关艳锦
路人甲也受伤,郭楷楠
路人甲也受伤,果果装兜兜
路人甲也受伤,过去示
路人甲也受伤,好好的121
路人甲也受伤,-好好妈咪-
路人甲也受伤,和谐痴呆
路人甲也受伤,洪洞段小坏
路人甲也受伤,侯文学_forever
路人甲也受伤,琥珀舞
路人甲也受伤,花J墩子
路人甲也受伤,^[
路人甲也受伤,吉Lawrence
路人甲也受伤,寂寞人心的鱼
路人甲也受伤,家居小s人
路人甲也受伤,家滋味健康午餐
路人甲也受伤,金鱼513
路人甲也受伤,晋loveme
路人甲也受伤,静等幸福
路人甲也受伤,空中的鱼V
路人甲也受伤,兰陀居士
路人甲也受伤,浪尖开花
路人甲也受伤,老靳家的郭郭郭
路人甲也受伤,蕾蕾的T空
路人甲也受伤,冷小朵-
路人甲也受伤,李波999
路人甲也受伤,李鑫果儿
路人甲也受伤,理想的虫
路人甲也受伤,临汾生活网
路人甲也受伤,临汾薛忆如
路人甲也受伤,凌霄子_红枫叶
路人甲也受伤,刘易铭匀
路人甲也受伤,流星雨的记录
路人甲也受伤,龙成骑士
路人甲也受伤,泷洧
路人甲也受伤,芦顶山人
路人甲也受伤,陆只相爱鞋
路人甲也受伤,路少羽
路人甲也受伤,马克图布V
路人甲也受伤,漫漫02
路人甲也受伤,猫勒各咪
路人甲也受伤,美美的微薄
路人甲也受伤,敏小辛
路人甲也受伤,秣路
路人甲也受伤,寞殇
路人甲也受伤,默默的窝
路人甲也受伤,木子_Prince
路人甲也受伤,你会不会再回来
路人甲也受伤,牛奶果粒
路人甲也受伤,品香书阁
路人甲也受伤,碓
路人甲也受伤,亲_美妞Y
路人甲也受伤,清澈的那片海
路人甲也受伤,清紫皇Simo
路人甲也受伤,热博精选
路人甲也受伤,人牙灰
路人甲也受伤,如果不杰出娜就淑女范
路人甲也受伤,若隐若现simple
路人甲也受伤,若紫幽
路人甲也受伤,三晋帅哥董杰
路人甲也受伤,三页茶
路人甲也受伤,山西玫子
路人甲也受伤,山西世博
路人甲也受伤,山欲
路人甲也受伤,上官00
路人甲也受伤,申绍强
路人甲也受伤,诗人De蒲公英
路人甲也受伤,时尚小showshow
路人甲也受伤,耍s皮621
路人甲也受伤,司大爷bobby
路人甲也受伤,肆意寒暄
路人甲也受伤,踏痕而飞
路人甲也受伤,桃忍特迷_Jelena
路人甲也受伤,头顶240
路人甲也受伤,褪去轻浮
路人甲也受伤,王培基
路人甲也受伤,王重一
路人甲也受伤,网络新闻拍客
路人甲也受伤,维古馨吻
路人甲也受伤,温柔牛小花
路人甲也受伤,我-就爱红妆
路人甲也受伤,我就是dinosaur
路人甲也受伤,我是翔哥哥哥哥
路人甲也受伤,我想我享
路人甲也受伤,希良洁
路人甲也受伤,奚乐飘香
路人甲也受伤,曦苗苗
路人甲也受伤,相思同W
路人甲也受伤,香橙---卓群
路人甲也受伤,-想变白的黑小白-
路人甲也受伤,小裁缝要做学霸要省钱_
路人甲也受伤,小明向前冲
路人甲也受伤,小幸福Emily
路人甲也受伤,心若幽兰妮
路人甲也受伤,鑫鑫平安康乐
路人甲也受伤,星烁-JN
路人甲也受伤,幸福到永远
路人甲也受伤,幸福太原
路人甲也受伤,宿命丶长忆
路人甲也受伤,雪山之巅love
路人甲也受伤,闫路V
路人甲也受伤,阳光的梨花雨飘飘
路人甲也受伤,阳小播
路人甲也受伤,杨瑛子
路人甲也受伤,伊人旋律
路人甲也受伤,依偌灸
路人甲也受伤,翼城小孔
路人甲也受伤,莹莹莹莹莹-lee
路人甲也受伤,又懒又好吃的叁某某
路人甲也受伤,又谁共鸣
路人甲也受伤,右耳小柒
路人甲也受伤,张大点是个内心狂野的妞
路人甲也受伤,张冬梅_天使
路人甲也受伤,赵锐娜
路人甲也受伤,这样做没错
路人甲也受伤,真的-简单就好
路人甲也受伤,正心斋
路人甲也受伤,中国山西陈军
平安临汾,1平安大宁1
平安临汾,浮山公安
平安临汾,黄河一拨就灵
平安临汾,晋城市公安局城区分局
平安临汾,晋中市公安局
平安临汾,流莎se8en
平安临汾,平安晋城
平安临汾,平安临汾-直属分局
平安临汾,平安太原
平安临汾,平安阳泉
平安临汾,平安运城
平安临汾,平安长治
平安临汾,人民公安报总编室
平安临汾,山西高速四支队五大队
平安临汾,山西公安
平安临汾,山西警方周刊
平安临汾,田仁学
平安临汾,忻州市公安局
平安临汾,新华网中文版
平安临汾,新晋商微博
牵牛花o,Kerryyiphk
牵牛花o,Liuwasway
牵牛花o,-Niti-
牵牛花o,ooof
牵牛花o,shj永平
牵牛花o,wuzhiwo
牵牛花o,爱的村庄
牵牛花o,爱临汾爱褚婷
牵牛花o,安安Love上帝
牵牛花o,晨光阅读
牵牛花o,道法本来的人
牵牛花o,丁陶大帝
牵牛花o,冬飚2003
牵牛花o,杜强V
牵牛花o,凡基Frankie
牵牛花o,肥鱼BH4AST
牵牛花o,冯腓力
牵牛花o,福音之家2010
牵牛花o,橄榄枝发芽
牵牛花o,海云弟兄
牵牛花o,好牧者
牵牛花o,荒诞渔夫
牵牛花o,黄金理财Rindy岩
牵牛花o,基督时报基督教资讯平台
牵牛花o,迦勒AAA
牵牛花o,快乐的青叶
牵牛花o,李俊刚
牵牛花o,李雷强
牵牛花o,临汾水良白
牵牛花o,每日圣经金句
牵牛花o,派大星PatrickStar1
牵牛花o,上帝爱世人
牵牛花o,上海云龙
牵牛花o,尚建平律师微博
牵牛花o,生命永不止息
牵牛花o,思年的L作
牵牛花o,宋晓贤
牵牛花o,陶土文化
牵牛花o,天津市伯特利爱乐团音乐事工
牵牛花o,天路少年
牵牛花o,微尘_Amy
牵牛花o,韦长安的微博
牵牛花o,吴泰
牵牛花o,阳光安雅宁
牵牛花o,杨立谦Louis
牵牛花o,仰望星空de雷
牵牛花o,一颗尘土空间
牵牛花o,以马内利FLF
牵牛花o,逸君缘
牵牛花o,印尼东爪哇的日出
牵牛花o,张后奇
牵牛花o,折戟葬刀身归土
牵牛花o,中国上海国际青年钢琴比赛CSIPC
牵牛花o,诸强新老师
潜伏0216,临汾联通网上营业厅
潜伏0216,我们爱临汾
潜伏0216,你我他888
潜伏0216,83射雕英雄传
潜伏0216,临汾同城会
潜伏0216,d平常心
潜伏0216,临汾乔斌
潜伏0216,临汾李忠德
潜伏0216,梧桐听雨5049
潜伏0216,徐瑞华六
潜伏0216,女交警_Sissi
潜伏0216,临汾薛忆如
潜伏0216,雷敏Y
潜伏0216,小皮LL
潜伏0216,Vsens_山西常艳琴
潜伏0216,临汾清华
潜伏0216,文武8889
潜伏0216,王玉军0966
潜伏0216,临汾穆帆
潜伏0216,临汾联花
潜伏0216,原来的我是现在的我
潜伏0216,临汾联通王金龙
潜伏0216,李高航
潜伏0216,尧通
潜伏0216,山西临汾七少爷
潜伏0216,太原申波
潜伏0216,侯马严涌
日光倾城lasa,_小冰十一月要很忙
日光倾城lasa,1ng丶宋
日光倾城lasa,37度呼吸8
日光倾城lasa,anly豆丁
日光倾城lasa,Arashuo
日光倾城lasa,chocola_特
日光倾城lasa,CR铃不铃不铃
日光倾城lasa,DJ侯马
日光倾城lasa,Fei林郎
日光倾城lasa,forever炅_珊
日光倾城lasa,Gemini_娇_
日光倾城lasa,Honey_D梦
日光倾城lasa,j琉璃苣y
日光倾城lasa,King_yc
日光倾城lasa,kiss-康
日光倾城lasa,kiss康2010
日光倾城lasa,Lindali198687
日光倾城lasa,Love眼儿
日光倾城lasa,Monster_兽兽
日光倾城lasa,silvery_雨
日光倾城lasa,song-1988
日光倾城lasa,TAE_cx
日光倾城lasa,Y皇太极
日光倾城lasa,ZD童鞋
日光倾城lasa,白日Y做的
日光倾城lasa,别的小朋友们
日光倾城lasa,传说中的西藏胡杨
日光倾城lasa,戴茜1990
日光倾城lasa,蝶恋花减肥网
日光倾城lasa,丁丁LOVE雪雪
日光倾城lasa,冬5200
日光倾城lasa,都是喷嚏惹的祸
日光倾城lasa,豆芽小菜
日光倾城lasa,樊小警
日光倾城lasa,[爷-我的个神啊
日光倾城lasa,非的清醒纪
日光倾城lasa,固执的小破孩儿
日光倾城lasa,含章可贞--高殊文
日光倾城lasa,豪仔实在豪爽
日光倾城lasa,怀念magic_Yang
日光倾城lasa,黄杨慧HYH
日光倾城lasa,寂寞的喧闹-弥
日光倾城lasa,建超SHUIXIE
日光倾城lasa,金小福爱吃肉
日光倾城lasa,景诚诚
日光倾城lasa,静爱光芒
日光倾城lasa,静儿Silent
日光倾城lasa,九月葵
日光倾城lasa,就想换个不靠谱昵称
日光倾城lasa,狂奔的长颈鹿
日光倾城lasa,拉手网wds
日光倾城lasa,拉手网临汾站
日光倾城lasa,李w
日光倾城lasa,丽江客栈翠花大院
日光倾城lasa,临汾同城会
日光倾城lasa,翎小淳
日光倾城lasa,刘好
日光倾城lasa,刘静蕾34341
日光倾城lasa,马磊AIDD
日光倾城lasa,萌397407683
日光倾城lasa,梦烦啦
日光倾城lasa,蜜罐里的豆儿
日光倾城lasa,明天0705
日光倾城lasa,陌路BOBO
日光倾城lasa,某小冰sparrow
日光倾城lasa,木子林夕竹
日光倾城lasa,普见文化
日光倾城lasa,邱小j
日光倾城lasa,屈屈屈才
日光倾城lasa,石舍橘灯
日光倾城lasa,思念珊瑚雨
日光倾城lasa,死`之_H
日光倾城lasa,宋琦ss
日光倾城lasa,搜旁网-北京播报
日光倾城lasa,太原人论坛乐乐
日光倾城lasa,淘宝好店推荐--
日光倾城lasa,天际0928
日光倾城lasa,甜心Q小姐
日光倾城lasa,菟儿薇薇
日光倾城lasa,挽你_右手
日光倾城lasa,王xiao然
日光倾城lasa,温暖中的小迪
日光倾城lasa,我们爱临汾
日光倾城lasa,我热爱我行走
日光倾城lasa,我也团-贵阳
日光倾城lasa,闲不住的葛小妞
日光倾城lasa,小咚咚xd
日光倾城lasa,小杜哥2
日光倾城lasa,小萌主本尊
日光倾城lasa,小小9531
日光倾城lasa,心如止水的小宇
日光倾城lasa,新天采
日光倾城lasa,徐侠侠侠客
日光倾城lasa,烟头Winson
日光倾城lasa,阎欠欠在路上
日光倾城lasa,亦木织星
日光倾城lasa,游刃有余2006
日光倾城lasa,愿得一人人人人人人心
日光倾城lasa,云丘山-风景区
日光倾城lasa,再见英雄
日光倾城lasa,噪音时代
日光倾城lasa,湛江吴川
日光倾城lasa,张瑞峰阿司匹琳9821
三晋帅哥董杰,_佳琦不学习
三晋帅哥董杰,12箜21
三晋帅哥董杰,Autisticcccccccccccccccc
三晋帅哥董杰,China军峰
三晋帅哥董杰,DJenna
三晋帅哥董杰,Dream0-0yuan
三晋帅哥董杰,Dreamer-Snail
三晋帅哥董杰,Fiona_FWJ
三晋帅哥董杰,Griselda4
三晋帅哥董杰,gszf
三晋帅哥董杰,happy_kity
三晋帅哥董杰,IGD广告_埃戈瑞德
三晋帅哥董杰,i胡砚钧
三晋帅哥董杰,Jay_Xia
三晋帅哥董杰,Kimi_小美
三晋帅哥董杰,kuaileshijiaaaae
三晋帅哥董杰,leolee1986
三晋帅哥董杰,liuy8953
三晋帅哥董杰,Miss-ta0
三晋帅哥董杰,OneNightIn北京
三晋帅哥董杰,ooof
三晋帅哥董杰,Queen-洋
三晋帅哥董杰,RIVER-BEGINNER
三晋帅哥董杰,SH-Holmes
三晋帅哥董杰,Sky坦克
三晋帅哥董杰,Soul-Mate-你懂得
三晋帅哥董杰,Sulla_
三晋帅哥董杰,Sunnyday___
三晋帅哥董杰,tianfl1977
三晋帅哥董杰,TOT|fZOo
三晋帅哥董杰,wyt张明尧
三晋帅哥董杰,yan_月月鸟
三晋帅哥董杰,yeeaaly
三晋帅哥董杰,YiMiao07
三晋帅哥董杰,YM-G
三晋帅哥董杰,阿怀的梦呓
三晋帅哥董杰,阿狸先森lalala
三晋帅哥董杰,爱是壹佰比零_临汾
三晋帅哥董杰,傲对霜雪
三晋帅哥董杰,傲雪灬寒梅
三晋帅哥董杰,把我的青春还我
三晋帅哥董杰,宝贝090101
三晋帅哥董杰,别的小朋友们
三晋帅哥董杰,冰凌依念
三晋帅哥董杰,冰心一号
三晋帅哥董杰,捕快没差银
三晋帅哥董杰,曹林华
三晋帅哥董杰,曾经几度再见
三晋帅哥董杰,唱月葬花
三晋帅哥董杰,超权力
三晋帅哥董杰,朝酷大螃蟹
三晋帅哥董杰,陈皮乖乖
三晋帅哥董杰,程程cctt
三晋帅哥董杰,春华秋实2-0-1-2
三晋帅哥董杰,大瑞z
三晋帅哥董杰,刀尖尖上行走
三晋帅哥董杰,丁丁LOVE雪雪
三晋帅哥董杰,丁丁zoey
三晋帅哥董杰,丢皮皮
三晋帅哥董杰,东篱采菊心自闲
三晋帅哥董杰,二浩浩浩浩浩
三晋帅哥董杰,S留草~禾
三晋帅哥董杰,冯文战
三晋帅哥董杰,冯-兴-华
三晋帅哥董杰,敷诋Steve
三晋帅哥董杰,感恩的心-张勇
三晋帅哥董杰,格林兰萨特恩
三晋帅哥董杰,灌水跑题
三晋帅哥董杰,郭斌同学
三晋帅哥董杰,海浪中的波浪
三晋帅哥董杰,行摄乡情
三晋帅哥董杰,好好的121
三晋帅哥董杰,喝姜汁过秋天
三晋帅哥董杰,黑白灰ing
三晋帅哥董杰,胡增春
三晋帅哥董杰,晖晖灰太狼
三晋帅哥董杰,^[
三晋帅哥董杰,慧子咔咔
三晋帅哥董杰,活跃的天儿
三晋帅哥董杰,记录者任丽娜
三晋帅哥董杰,记者姜军旗
三晋帅哥董杰,季王鹏程
三晋帅哥董杰,简雅悠然
三晋帅哥董杰,建行临汾分行电子银行
三晋帅哥董杰,剑飞翔
三晋帅哥董杰,江波来了
三晋帅哥董杰,讲与你知
三晋帅哥董杰,ㄟ_
三晋帅哥董杰,金石讷拙愚
三晋帅哥董杰,金鱼513
三晋帅哥董杰,靳聪2011
三晋帅哥董杰,静静的天蓝色
三晋帅哥董杰,静水潺
三晋帅哥董杰,-旧时光是个美人-
三晋帅哥董杰,卡帕小青年
三晋帅哥董杰,快乐学习实现梦想
三晋帅哥董杰,宽--恕
三晋帅哥董杰,来_发
三晋帅哥董杰,蓝宁儿v
三晋帅哥董杰,老话有理
三晋帅哥董杰,李鑫果儿
三晋帅哥董杰,林海傲雪
三晋帅哥董杰,临汾黄正东
三晋帅哥董杰,临汾京铁国际旅行社
三晋帅哥董杰,临汾李天恩
三晋帅哥董杰,临汾锣鼓桥上海大众汽车微博
三晋帅哥董杰,临汾生活网
三晋帅哥董杰,临汾生活小编
三晋帅哥董杰,临汾同城会
三晋帅哥董杰,临汾团
三晋帅哥董杰,临汾薛忆如
三晋帅哥董杰,灵通资讯家居编辑
三晋帅哥董杰,刘小懒i
三晋帅哥董杰,留待有缘
三晋帅哥董杰,龙城早安V
三晋帅哥董杰,路人甲也受伤
三晋帅哥董杰,乱拍007
三晋帅哥董杰,绿野张德富
三晋帅哥董杰,麦艾芙
三晋帅哥董杰,漫漫02
三晋帅哥董杰,芒小果er
三晋帅哥董杰,猫咪的午觉
三晋帅哥董杰,媒体人郭
三晋帅哥董杰,媒体人子轩
三晋帅哥董杰,美团临汾
三晋帅哥董杰,梦语童话
三晋帅哥董杰,沫沫-evil
三晋帅哥董杰,蓦然寂
三晋帅哥董杰,南山岩
三晋帅哥董杰,牛涵
三晋帅哥董杰,牛力水墨
三晋帅哥董杰,牛艳平668
三晋帅哥董杰,暖春盛夏6025
三晋帅哥董杰,女交警_Sissi
三晋帅哥董杰,女人爱微购
三晋帅哥董杰,喷摩丝的稻草人16
三晋帅哥董杰,平安城北
三晋帅哥董杰,平安你我666
三晋帅哥董杰,平凡人1985彭国亮
三晋帅哥董杰,期待尘封
三晋帅哥董杰,芊芊呵呵笑
三晋帅哥董杰,浅蓝色骑士
三晋帅哥董杰,强杨
三晋帅哥董杰,青年报钟如杰
三晋帅哥董杰,清明遇上妮
三晋帅哥董杰,清新先森
三晋帅哥董杰,[影-风度V
三晋帅哥董杰,请叫我乖乖乖-肉肉
三晋帅哥董杰,秋天的流星雨的微博
三晋帅哥董杰,取次花丛懒回顾_半缘修道半缘君
三晋帅哥董杰,去年2046
三晋帅哥董杰,人呐潇洒
三晋帅哥董杰,任小克由
三晋帅哥董杰,如毅吉祥
三晋帅哥董杰,若倩颖倩
三晋帅哥董杰,三晋都市报
三晋帅哥董杰,三晋都市报记者
三晋帅哥董杰,三晋都市报-星周末
三晋帅哥董杰,三晋都市报赵全磊
三晋帅哥董杰,桑小南
三晋帅哥董杰,山水人家7805
三晋帅哥董杰,山西临汾襄汾郝睿
三晋帅哥董杰,山西玫子
三晋帅哥董杰,山西三晋都市文化传媒有限公司
三晋帅哥董杰,山西提督
三晋帅哥董杰,山西赵芳
三晋帅哥董杰,少女李玲
三晋帅哥董杰,生活中的苦与难
三晋帅哥董杰,世道坏嘞
三晋帅哥董杰,是的美女哦
三晋帅哥董杰,手机用户1807273023
三晋帅哥董杰,丝丝不语
三晋帅哥董杰,天空的色彩是蓝吗
三晋帅哥董杰,婷LAO妈
三晋帅哥董杰,脱下警服换军装
三晋帅哥董杰,微博红叶2011
三晋帅哥董杰,为中华环保而生
三晋帅哥董杰,唯美影吧
三晋帅哥董杰,未亡无心人
三晋帅哥董杰,蚊子血和朱砂痣的合体
三晋帅哥董杰,问道俗世
三晋帅哥董杰,我们爱临汾
三晋帅哥董杰,窍
三晋帅哥董杰,五号线7311
三晋帅哥董杰,西望东张
三晋帅哥董杰,夏小兔zi
三晋帅哥董杰,闲云孤鹤AAA
三晋帅哥董杰,香蕉网张帅
三晋帅哥董杰,想你的笑1014
三晋帅哥董杰,想去见朴特本人
三晋帅哥董杰,向日葵般的米朵
三晋帅哥董杰,销魂水雨彬
三晋帅哥董杰,小典墨
三晋帅哥董杰,小琦的白日梦
三晋帅哥董杰,小青年日记
三晋帅哥董杰,小小de丫头片子
三晋帅哥董杰,小晓笑波
三晋帅哥董杰,小雅头讨厌肉呼呼
三晋帅哥董杰,哮掌
三晋帅哥董杰,心雨201266
三晋帅哥董杰,幸福十八子小窝
三晋帅哥董杰,秀秀小豆
三晋帅哥董杰,雪榕
三晋帅哥董杰,雪山之巅love
三晋帅哥董杰,丫头瑶摇头
三晋帅哥董杰,亚瑟晨至
三晋帅哥董杰,阳是杨阳的杨
三晋帅哥董杰,杨东兴V
三晋帅哥董杰,杨永岗
三晋帅哥董杰,一个有爱的小胖纸丶
三晋帅哥董杰,伊昂o
三晋帅哥董杰,倚兰净水源--净水专家
三晋帅哥董杰,作歌-BeIKe
三晋帅哥董杰,音乐太刺耳
三晋帅哥董杰,永远的一米五九
三晋帅哥董杰,用心去爱小婧Oo
三晋帅哥董杰,鱼心鱼儿
三晋帅哥董杰,月盈菩提
三晋帅哥董杰,云想念ing
三晋帅哥董杰,运城时事直通车
三晋帅哥董杰,再温习我爱你
三晋帅哥董杰,张海鹰之博
三晋帅哥董杰,大琪儿_
三晋帅哥董杰,知音编辑沧浪
三晋帅哥董杰,中国慈孝网
三晋帅哥董杰,中国金线V
三晋帅哥董杰,中中自乐
三晋帅哥董杰,终究是戏123
三晋帅哥董杰,周俊芳
三晋帅哥董杰,烛光鱼
三晋帅哥董杰,最近各种苦逼的紫丫
三晋帅哥董杰,左猫猫的梦想
山西临汾七少爷,__zZ__zZ
山西临汾七少爷,001偶然
山西临汾七少爷,1龙2287431723
山西临汾七少爷,2367-木子
山西临汾七少爷,3G-沃-不闻静9782
山西临汾七少爷,afei0520
山西临汾七少爷,aya大小s通吃
山西临汾七少爷,Bowen_yao
山西临汾七少爷,caihongji14
山西临汾七少爷,Dei声松
山西临汾七少爷,HM-LT
山西临汾七少爷,huangtc0089
山西临汾七少爷,keke的小屋01
山西临汾七少爷,leon馨月
山西临汾七少爷,lfyf210
山西临汾七少爷,Lfyzt
山西临汾七少爷,LING--听
山西临汾七少爷,Lisa的桐言桐语
山西临汾七少爷,lovemyself宝贝
山西临汾七少爷,ooof
山西临汾七少爷,Rce1ny-欣-
山西临汾七少爷,stronger西西
山西临汾七少爷,Sxcxy
山西临汾七少爷,SXHMQY
山西临汾七少爷,woaiwode2011
山西临汾七少爷,---wo无所谓----
山西临汾七少爷,XF飘
山西临汾七少爷,you_da
山西临汾七少爷,zupg
山西临汾七少爷,爱临汾爱褚婷
山西临汾七少爷,爱马俊霞
山西临汾七少爷,安泽186
山西临汾七少爷,安泽联通-沃3G
山西临汾七少爷,宝贝lovemyself
山西临汾七少爷,北京龙行天下2008
山西临汾七少爷,别的小朋友们
山西临汾七少爷,别拽单身小男
山西临汾七少爷,冰雨蕊儿
山西临汾七少爷,超儿妈咪
山西临汾七少爷,陈宝宝微博
山西临汾七少爷,程晓栋
山西临汾七少爷,宠辱不惊惟道是从
山西临汾七少爷,春节旅游指南
山西临汾七少爷,崔崔1982
山西临汾七少爷,璀璨命莫名泪
山西临汾七少爷,大风吹的围脖
山西临汾七少爷,大帅92
山西临汾七少爷,大天有点贱
山西临汾七少爷,点燃一支烟燃烧人生
山西临汾七少爷,斗牛士318
山西临汾七少爷,多米音乐_10923765
山西临汾七少爷,法制网临汾
山西临汾七少爷,方WO糖
山西临汾七少爷,汾西郭新华
山西临汾七少爷,汾西侯桑英
山西临汾七少爷,汾西联通平凡的我
山西临汾七少爷,风驰电掣的牛车
山西临汾七少爷,凤城浪子
山西临汾七少爷,浮山段欣
山西临汾七少爷,改嫁拆成主线勃然
山西临汾七少爷,格林兰萨特恩
山西临汾七少爷,耕田的人--临汾之星
山西临汾七少爷,关艳锦
山西临汾七少爷,关注越多精彩更多
山西临汾七少爷,贵妃娘娘178
山西临汾七少爷,桂阳yaya
山西临汾七少爷,郭凤杰一号
山西临汾七少爷,郭晓芳的小灿烂
山西临汾七少爷,海的深度W
山西临汾七少爷,海岚2679957780
山西临汾七少爷,和谐痴呆
山西临汾七少爷,贺糖妈
山西临汾七少爷,黑玫瑰818
山西临汾七少爷,恒恒在心
山西临汾七少爷,红A月A亮
山西临汾七少爷,鸿鹄雅志
山西临汾七少爷,侯马买买提
山西临汾七少爷,侯马沃爱生活
山西临汾七少爷,侯马周宏俊
山西临汾七少爷,侯晓琦618
山西临汾七少爷,胡烟乱雨JZ
山西临汾七少爷,华中出版李锦明
山西临汾七少爷,淮南的多余的
山西临汾七少爷,欢乐我握wo
山西临汾七少爷,会拼定会赢
山西临汾七少爷,吉祥芙蓉二月开
山西临汾七少爷,江宗生
山西临汾七少爷,娇786475538
山西临汾七少爷,角落里的多货
山西临汾七少爷,姐的范儿你模仿不起
山西临汾七少爷,金广快捷太原迎宾店
山西临汾七少爷,金葵花临汾小记者
山西临汾七少爷,晋城联通邵华
山西临汾七少爷,京东团临汾
山西临汾七少爷,精彩沃派
山西临汾七少爷,境界无边
山西临汾七少爷,雎鸠知舟
山西临汾七少爷,开心就好21777
山西临汾七少爷,开心熙禧
山西临汾七少爷,看破红尘5505
山西临汾七少爷,看微博1969123103
山西临汾七少爷,珂爱Love
山西临汾七少爷,空杯心态1
山西临汾七少爷,空灵---天空
山西临汾七少爷,快乐王子ye
山西临汾七少爷,老崔的流水账
山西临汾七少爷,冷酷到底1538
山西临汾七少爷,李高航
山西临汾七少爷,李晓芸CP
山西临汾七少爷,李艺山西
山西临汾七少爷,联通芳冰
山西临汾七少爷,联通工作者
山西临汾七少爷,联通韩辉
山西临汾七少爷,联通韩卫东
山西临汾七少爷,联通米老头
山西临汾七少爷,临汾CHC
山西临汾七少爷,临汾东方红
山西临汾七少爷,临汾高洁
山西临汾七少爷,临汾弘毅福特4S店
山西临汾七少爷,临汾红玫瑰幸福
山西临汾七少爷,临汾黄正东
山西临汾七少爷,临汾火箭
山西临汾七少爷,临汾金爱琴
山西临汾七少爷,临汾锦华丰田
山西临汾七少爷,临汾京铁旅行社
山西临汾七少爷,临汾老段0108
山西临汾七少爷,临汾老牛
山西临汾七少爷,临汾李天恩
山西临汾七少爷,临汾联花
山西临汾七少爷,临汾联通成保强
山西临汾七少爷,临汾联通兰文伟
山西临汾七少爷,临汾联通李卓芮
山西临汾七少爷,临汾联通强子
山西临汾七少爷,临汾联通任刚
山西临汾七少爷,临汾联通王金龙
山西临汾七少爷,临汾联通王瑜
山西临汾七少爷,临汾联通晓燕沃在微博
山西临汾七少爷,临汾联通张剑
山西临汾七少爷,临汾联通赵喜娟
山西临汾七少爷,临汾联通赵效强
山西临汾七少爷,临汾鲁松
山西临汾七少爷,临汾锣鼓桥上海大众汽车微博
山西临汾七少爷,临汾穆帆
山西临汾七少爷,临汾那些事
山西临汾七少爷,临汾乔斌
山西临汾七少爷,临汾清华
山西临汾七少爷,临汾市尧都区韩宫婚纱摄影店
山西临汾七少爷,临汾田丰
山西临汾七少爷,临汾团购人
山西临汾七少爷,临汾萧萧
山西临汾七少爷,临汾新世界3G俱乐部
山西临汾七少爷,临汾薛忆如
山西临汾七少爷,临汾艺光年传媒学校
山西临汾七少爷,临汾张哲
山西临汾七少爷,临汾赵云林
山西临汾七少爷,流星雨的记录
山西临汾七少爷,罗淑慧895
山西临汾七少爷,洛浦涛声
山西临汾七少爷,芒果娜娜
山西临汾七少爷,美丽的松花江
山西临汾七少爷,米特拉
山西临汾七少爷,明月微照
山西临汾七少爷,墨之竹6448
山西临汾七少爷,穆占国
山西临汾七少爷,那缕缕阳光
山西临汾七少爷,牛晓斌1259775
山西临汾七少爷,品香书阁
山西临汾七少爷,乒乓九段
山西临汾七少爷,萍水相逢yhlp
山西临汾七少爷,潜伏0216
山西临汾七少爷,茜草染紫
山西临汾七少爷,青春飞扬幸运
山西临汾七少爷,清静无忧
山西临汾七少爷,清水-河畔
山西临汾七少爷,曲沃解瑞芝
山西临汾七少爷,若-我们只如初见
山西临汾七少爷,傻傻的愚翁
山西临汾七少爷,山西兰草
山西临汾七少爷,山西李桂冰
山西临汾七少爷,山西联通丫头
山西临汾七少爷,山西临汾张红胜
山西临汾七少爷,山西临汾纸鸢
山西临汾七少爷,山西刘文景
山西临汾七少爷,山西卢斌
山西临汾七少爷,山西钱小斗太力
山西临汾七少爷,山西太阳花
山西临汾七少爷,山西王晓丽
山西临汾七少爷,山之半居
山西临汾七少爷,伤心太平洋小屋
山西临汾七少爷,上海大众临汾新盛红龙4S店
山西临汾七少爷,生活三爱
山西临汾七少爷,胜天史秀民
山西临汾七少爷,手机用户2295698973
山西临汾七少爷,手机用户2296331105
山西临汾七少爷,手机用户2397824685
山西临汾七少爷,手机用户2576424761
山西临汾七少爷,手机用户2709819877
山西临汾七少爷,手机用户2782438467
山西临汾七少爷,手镯儿
山西临汾七少爷,数码评测员
山西临汾七少爷,朔州沃时代手机旗舰店
山西临汾七少爷,酸阿敏
山西临汾七少爷,蒜蒜R-
山西临汾七少爷,太原申波
山西临汾七少爷,王雁晋
山西临汾七少爷,王艺晓1
山西临汾七少爷,王玉军0966
山西临汾七少爷,网优舞动人生
山西临汾七少爷,韦伟春
山西临汾七少爷,温柔帅气0061
山西临汾七少爷,我吃粽子-赵明hw
山西临汾七少爷,我们爱临汾
山西临汾七少爷,沃WO崔欣强
山西临汾七少爷,沃精彩-沃生活
山西临汾七少爷,沃浪涛沙
山西临汾七少爷,沃-李海洋
山西临汾七少爷,沃牛成
山西临汾七少爷,沃隐士
山西临汾七少爷,乡宁卢广全
山西临汾七少爷,翔巍
山西临汾七少爷,想-为你淋雨
山西临汾七少爷,潇洒的活在现实社会
山西临汾七少爷,小结巴15
山西临汾七少爷,小溪流水一
山西临汾七少爷,小雅头讨厌肉呼呼
山西临汾七少爷,心境之-花
山西临汾七少爷,辛竹梅
山西临汾七少爷,新苹之正754
山西临汾七少爷,鑫鑫平安康乐
山西临汾七少爷,幸福勾到
山西临汾七少爷,幸运的青春飞扬
山西临汾七少爷,mDDE二sV_
山西临汾七少爷,徐瑞华六
山西临汾七少爷,阎香巧的微薄
山西临汾七少爷,杨林保WO
山西临汾七少爷,养生而言
山西临汾七少爷,尧通
山西临汾七少爷,野生司机
山西临汾七少爷,夜雨飘WO
山西临汾七少爷,一汽-大众临汾银光4S店
山西临汾七少爷,逸--夏
山西临汾七少爷,翼城小孔
山西临汾七少爷,尹隽毅
山西临汾七少爷,永远的一米五九
山西临汾七少爷,幽默8段子
山西临汾七少爷,游园丰
山西临汾七少爷,渔山一农
山西临汾七少爷,元芳看看看
山西临汾七少爷,月亮萧萧的空间
山西临汾七少爷,云帆科技OAit
山西临汾七少爷,张莹超
山西临汾七少爷,长治联通李小霞
山西临汾七少爷,找彪哥
山西临汾七少爷,中国山西陈军
山西临汾七少爷,终败网络
山西临汾七少爷,珠圆玉润YR
山西临汾七少爷,猪二姐2012
山西临汾七少爷,坐着单车一起看海
山西临汾人姚建,________Miss-Invisible________
山西临汾人姚建,jas非
山西临汾人姚建,北京Caterpillar
山西临汾人姚建,布一katherine
山西临汾人姚建,等待猫猫吉祥的猫猫如意
山西临汾人姚建,分目目分
山西临汾人姚建,灰
山西临汾人姚建,假如-将离
山西临汾人姚建,叫我王姑娘_
山西临汾人姚建,临汾那些事
山西临汾人姚建,临汾日报广告部刘勇
山西临汾人姚建,临汾声音
山西临汾人姚建,临汾微生活
山西临汾人姚建,绿色的苹果XJ
山西临汾人姚建,球球儿_0825
山西临汾人姚建,山西提督
山西临汾人姚建,少湖之变
山西临汾人姚建,我们爱临汾
山西临汾人姚建,逍遥剑飘香雨
山西临汾人姚建,辛宇卉
山西临汾人姚建,妖精梅西
山西临汾人姚建,宇jing
山西临汾人姚建,玉的星星久久亮
山西临汾人姚建,张莹超
山西临汾人姚建,政坛那些政事
山西临汾人姚建,政治关乎其谁
升腾的海水,_____水莽
升腾的海水,__Double__
升腾的海水,__zhui
升腾的海水,1-1等於二
升腾的海水,1墨吟
升腾的海水,343-罪恶火花
升腾的海水,7热网李广渊
升腾的海水,80后幸福的野丫头
升腾的海水,afebiony
升腾的海水,AlexRedd
升腾的海水,ArmaniKang
升腾的海水,a-toy大童__
升腾的海水,A基金V
升腾的海水,BY嘉儿
升腾的海水,clcaza
升腾的海水,cocodgnet
升腾的海水,D2潮鞋
升腾的海水,Danae_Liu
升腾的海水,DJ侯马
升腾的海水,dover小明
升腾的海水,fengjunzi
升腾的海水,fm白灵
升腾的海水,GD嘟_ILY
升腾的海水,Genny_87
升腾的海水,Gulu212
升腾的海水,hanahubuki01
升腾的海水,hatty0712
升腾的海水,hjyzii
升腾的海水,HN陈丹
升腾的海水,iamaaaaji
升腾的海水,IRIS美儿
升腾的海水,Island孤岛
升腾的海水,Jamming_Hwang
升腾的海水,Janet在Sydney
升腾的海水,jiaziruyi
升腾的海水,KAKAKITA
升腾的海水,KING_吉吉
升腾的海水,Kobe高比仔
升腾的海水,liujia335
升腾的海水,LOVE彦页每文FOREVER
升腾的海水,L--盆盆
升腾的海水,Mlily好梦百合
升腾的海水,muxi木木
升腾的海水,ooof
升腾的海水,paner
升腾的海水,peri-美羊羊
升腾的海水,Pigpig气球
升腾的海水,RealLotos
升腾的海水,sewft
升腾的海水,shabc_修孽S
升腾的海水,SunlightAlice
升腾的海水,super_静儿123
升腾的海水,SUSU苏苏
升腾的海水,syon_lee
升腾的海水,tai4316812
升腾的海水,Thalia雯
升腾的海水,tongxin99
升腾的海水,tsingchu
升腾的海水,w_big
升腾的海水,wangluozhu
升腾的海水,Wernet-Weist
升腾的海水,wingliuz
升腾的海水,WO爱音乐
升腾的海水,x弥生
升腾的海水,yi转身就是一辈子
升腾的海水,Ymysky
升腾的海水,zdhzxh
升腾的海水,Zhanghj歪歪
升腾的海水,zmy731
升腾的海水,阿正
升腾的海水,爱生活爱段子
升腾的海水,爱小说的请关注
升腾的海水,安吻的
升腾的海水,安柚
升腾的海水,巴巴一家
升腾的海水,巴黎的雨雪
升腾的海水,巴山
升腾的海水,白茶_2012
升腾的海水,白里通红_
升腾的海水,白雪----
升腾的海水,百花桥头
升腾的海水,宝贝之辰
升腾的海水,北边是南山
升腾的海水,北方电影千金
升腾的海水,北京公益联盟创始人-郭
升腾的海水,北京小帅哥
升腾的海水,碧海兰苑
升腾的海水,碧海蓝天sj
升腾的海水,编剧彭军卫
升腾的海水,鞭具蛋挞耀一
升腾的海水,别让我一个人醉6761
升腾的海水,彬彬有礼是我
升腾的海水,槟榔sallina
升腾的海水,冰心向阳
升腾的海水,冰印姬
升腾的海水,冰雨Icerain
升腾的海水,兵不血刃7718
升腾的海水,波涛2009
升腾的海水,播客
升腾的海水,博一哈
升腾的海水,才女lida
升腾的海水,蔡小豆丶
升腾的海水,蔡阳小语
升腾的海水,蔡雨霏
升腾的海水,草泥马军团
升腾的海水,茶语新人
升腾的海水,查理de生活
升腾的海水,柴牛
升腾的海水,缠古绵绵
升腾的海水,潺潺清流
升腾的海水,常在河边走
升腾的海水,常主子
升腾的海水,超哥大南瓜
升腾的海水,尘上舞
升腾的海水,陈华君ch
升腾的海水,陈木森v
升腾的海水,陈秋平Joseph
升腾的海水,晨祥悦袜业
升腾的海水,成都电台罗蓉
升腾的海水,成怀往空
升腾的海水,初家伟
升腾的海水,橱柜里的饼干
升腾的海水,传媒E线
升腾的海水,创意家居与生活
升腾的海水,吹毛桃
升腾的海水,春风-里
升腾的海水,春雷-Q
升腾的海水,达达学院
升腾的海水,答题机
升腾的海水,打渔上网
升腾的海水,大乘妙法莲花使者
升腾的海水,大大大大胜
升腾的海水,大漠风影1107
升腾的海水,大树下的猫咪窝
升腾的海水,大智若N
升腾的海水,戴颖雅
升腾的海水,当红明月
升腾的海水,导演雪洁
升腾的海水,稻草熟了
升腾的海水,得挠人处且挠人
升腾的海水,德尔利
升腾的海水,丶菲尔普斯专用山寨防水机丶
升腾的海水,点滴真情奔放
升腾的海水,点我没错
升腾的海水,蝶2011变
升腾的海水,蝶翼之猫
升腾的海水,东篱秦子
升腾的海水,|京鸦ú--芭黎`放
升腾的海水,董坚
升腾的海水,儿童文学尹红梅
升腾的海水,洱海观月
升腾的海水,发布
升腾的海水,返客网
升腾的海水,范大吕
升腾的海水,范桶
升腾的海水,飞猫喵
升腾的海水,风车驾驶员
升腾的海水,风格深刻了
升腾的海水,风铃炸弹
升腾的海水,风雨独狼
升腾的海水,枫林阁主
升腾的海水,枫舟之诗
升腾的海水,锋生水起
升腾的海水,冯晓潇
升腾的海水,凤池
升腾的海水,凤雏在线
升腾的海水,福瑞离
升腾的海水,感人微小说_小感动
升腾的海水,感悟微书摘
升腾的海水,高低是块石头
升腾的海水,高贵的茶
升腾的海水,阁山明月
升腾的海水,给我的我
升腾的海水,耕读日记
升腾的海水,耕田的人--临汾之星
升腾的海水,工藤梦飞
升腾的海水,公益广播频道
升腾的海水,购票
升腾的海水,孤单心舞
升腾的海水,故事会微故事大赛
升腾的海水,瓜熟蒂未落
升腾的海水,管小伟黄花菜官网
升腾的海水,光06
升腾的海水,广州妙辉
升腾的海水,鬼新娘9413
升腾的海水,郭馥香
升腾的海水,郭景超V
升腾的海水,郭凯黎
升腾的海水,果然是发哥
升腾的海水,海南_印象
升腾的海水,海南乡土作家
升腾的海水,海上愚公
升腾的海水,海棠诗社
升腾的海水,海韵云影
升腾的海水,含玉如月
升腾的海水,寒江农夫
升腾的海水,浩沙瑜伽--夏天的味道blogw
升腾的海水,浩水涟漪
升腾的海水,嗬dadadada嗬
升腾的海水,合肥王生
升腾的海水,何理杉
升腾的海水,和然知李倩
升腾的海水,河北移动红树叶俱乐部
升腾的海水,荷花一般的情怀
升腾的海水,黑暗好人HYbocirity
升腾的海水,红儿格格
升腾的海水,红儿姐姐
升腾的海水,虹妮2708641065
升腾的海水,后面的大叔请走开
升腾的海水,后斯诺
升腾的海水,呼噜窝
升腾的海水,糊透穹
升腾的海水,花痴老太
升腾的海水,花犯-幽m-
升腾的海水,华旗数码赵利顺
升腾的海水,1
升腾的海水,欢乐分享忧愁分担
升腾的海水,欢乐秋之歌
升腾的海水,黄国光
升腾的海水,黄河新三角
升腾的海水,慧子宝宝的美好生活
升腾的海水,活在当下的城市病人
升腾的海水,基因锁龄ageloc
升腾的海水,吉林网商联盟
升腾的海水,寂寞羊城
升腾的海水,家乡牧云人
升腾的海水,简直了
升腾的海水,剑客仙
升腾的海水,江湖退伍兵
升腾的海水,绛洞花王-微博
升腾的海水,骄傲的胡杨
升腾的海水,骄-阳-Q-豹
升腾的海水,杰瑞可爱
升腾的海水,金麻雀微小说杂志
升腾的海水,金秋T
升腾的海水,晋商互联
升腾的海水,晋商卡本
升腾的海水,精英团
升腾的海水,静听悠然
升腾的海水,九昂Eden
升腾的海水,九酸先生
升腾的海水,菊赏荏苒
升腾的海水,君璞
升腾的海水,俊德bliss
升腾的海水,卡利阿sa
升腾的海水,开心每一天HH-DJ
升腾的海水,康乃馨书堤
升腾的海水,科普微童话
升腾的海水,可比熊
升腾的海水,可伍
升腾的海水,空了脑瓜
升腾的海水,空想家AA梦
升腾的海水,空想家朱凌波
升腾的海水,裤内藏娇
升腾的海水,酷猫猫咪
升腾的海水,快乐宝地
升腾的海水,快乐的小星球
升腾的海水,快乐刘玉友
升腾的海水,蓝莓2
升腾的海水,蓝色的小辉
升腾的海水,狼图腾and家世界官网
升腾的海水,老虎发威
升腾的海水,老虎帅锅
升腾的海水,老树西风
升腾的海水,唠嗑子柯国华
升腾的海水,乐猴817
升腾的海水,泪语问花
升腾的海水,冷笑话天天笑
升腾的海水,冷月红梅
升腾的海水,梨园春张晓燕
升腾的海水,黎众029
升腾的海水,李_en
升腾的海水,李班主
升腾的海水,李大明白白
升腾的海水,李黛01
升腾的海水,李二迷糊
升腾的海水,李雷强
升腾的海水,李探花的马甲
升腾的海水,李新院
升腾的海水,李映文
升腾的海水,O葭苍苍白露为霜
升腾的海水,良风阁
升腾的海水,靓杰鱼
升腾的海水,临汾彬彬
升腾的海水,临汾斌斌
升腾的海水,临汾红丝带学校
升腾的海水,临汾开发区安防公司
升腾的海水,临汾锣鼓桥上海大众汽车微博
升腾的海水,临汾声音
升腾的海水,临汾水良白
升腾的海水,蔺磊-张妙阳配音网
升腾的海水,刘剑锋-灵动快拍
升腾的海水,刘利leon
升腾的海水,刘林颖
升腾的海水,刘世大
升腾的海水,刘志强2008blog
升腾的海水,流光飞舞荧荧清猗
升腾的海水,流浪de行星
升腾的海水,流氓隐士
升腾的海水,流星霞520
升腾的海水,柳细
升腾的海水,陆翼天使
升腾的海水,路L小语
升腾的海水,罗理航_d玄Taoismus
升腾的海水,洛奇亚
升腾的海水,骆驼精品鞋
升腾的海水,驴象之争
升腾的海水,旅游摄影
升腾的海水,绿城一剑
升腾的海水,绿创环保
升腾的海水,绿豆博士
升腾的海水,绿色阳光1965
升腾的海水,马太角
升腾的海水,玛莉莲玉凤
升腾的海水,麦田倒退
升腾的海水,麦田乌鸦
升腾的海水,卖萌僧
升腾的海水,草朵
升腾的海水,漫漫02
升腾的海水,漫长岁月
升腾的海水,猫人女郎
升腾的海水,迂捌
升腾的海水,冒泡网小编
升腾的海水,没事别上火
升腾的海水,梅州f一寿司
升腾的海水,每日IQ小测试
升腾的海水,美国大学网
升腾的海水,美女长胡子
升腾的海水,萌工坊
升腾的海水,孟孟壹壹海海
升腾的海水,孟易焙
升腾的海水,梦想中国A
升腾的海水,眯眼猫猫z
升腾的海水,迷恋酒色
升腾的海水,密园微小说
升腾的海水,明清风
升腾的海水,明月心朗
升腾的海水,鸣人林林
升腾的海水,--铭宇--
升腾的海水,莫利512
升腾的海水,莫名M运
升腾的海水,某薇要w翔
升腾的海水,木偶李
升腾的海水,那时那破碗
升腾的海水,南岛一孤鸥
升腾的海水,南海客人
升腾的海水,南京爱英贸易人事部
升腾的海水,南斯辣夫
升腾的海水,孬dan儿
升腾的海水,妮维薇亚
升腾的海水,你如氧气
升腾的海水,逆风飞扬0126
升腾的海水,拈花含笑的唠叨
升腾的海水,宁灵
升腾的海水,宁檬2010
升腾的海水,柠檬之香
升腾的海水,诺迷儿
升腾的海水,诺诺饭
升腾的海水,女儿乡
升腾的海水,欧阳仲谦
升腾的海水,偶-狠低调
升腾的海水,爬坡的冲
升腾的海水,怕妻诺夫司机
升腾的海水,蓬瀛静客
升腾的海水,缥缈小子
升腾的海水,飘渺哥-阿杰
升腾的海水,品上说说
升腾的海水,品香书阁
升腾的海水,平阳诗坛
升腾的海水,萍凡心语
升腾的海水,坡上人
升腾的海水,婆娑落叶
升腾的海水,鄱湖居士袁博阳
升腾的海水,莆田部落社区
升腾的海水,菩提树下-
升腾的海水,七月莲
升腾的海水,汽车爱点评
升腾的海水,千岛
升腾的海水,潜伏在云端
升腾的海水,潜水的曹小琳
升腾的海水,浅如白溪
升腾的海水,钦典好茶
升腾的海水,琴瑟相思
升腾的海水,青岛蓝盾警用装备专卖
升腾的海水,青岛翼虎
升腾的海水,轻轻谦谦
升腾的海水,倾尘语
升腾的海水,清风淡云1027
升腾的海水,清风来仪
升腾的海水,清风茗竹
升腾的海水,清骨梅
升腾的海水,清水出芙蓉
升腾的海水,清雅筱筑_蜜姐
升腾的海水,pL淡影
升腾的海水,请不要介意我是个野孩仔
升腾的海水,秋生梦火
升腾的海水,秋天的延续
升腾的海水,秋之枫5
升腾的海水,求其oning
升腾的海水,去钓鱼岛钓鱼吧
升腾的海水,去逛街临汾站
升腾的海水,趣猫族-互粉微博
升腾的海水,全球华语小说大系
升腾的海水,容景儿
升腾的海水,如此如此的嘴
升腾的海水,儒林之龙
升腾的海水,蕊萨那
升腾的海水,洒满糖晶的砒霜
升腾的海水,三眼疯道
升腾的海水,三中来
升腾的海水,彡拾指紧扣
升腾的海水,啥都说说
升腾的海水,傻傻的绿头鸭
升腾的海水,山东梅子的微博
升腾的海水,山抹微云188
升腾的海水,山山水水天天地地
升腾的海水,山西杨子love
升腾的海水,山寨梦工厂
升腾的海水,善良的妮
升腾的海水,伤心无悔1462
升腾的海水,蛇我其谁
升腾的海水,舍我谁bq
升腾的海水,深宫白猫
升腾的海水,沈长啸
升腾的海水,圣露儿
升腾的海水,盛阿拉
升腾的海水,盛丽sl
升腾的海水,失忆099
升腾的海水,诗梦幽幽
升腾的海水,诗人北野
升腾的海水,诗人于翔
升腾的海水,十空合一
升腾的海水,时空602
升腾的海水,适者wsn
升腾的海水,守护塔尔
升腾的海水,霜夜白
升腾的海水,水晶的蔓延
升腾的海水,水洛河
升腾的海水,水乡女的小窝
升腾的海水,水中荷的美丽家园
升腾的海水,水中鱼儿1056
升腾的海水,斯堪的纳维亚
升腾的海水,搜品亲子
升腾的海水,素东临碣石
升腾的海水,孙一农
升腾的海水,索马里_水稻
升腾的海水,太原胡杨
升腾的海水,太原人论坛网
升腾的海水,泰山童子
升腾的海水,谈古至今
升腾的海水,汤小剑
升腾的海水,唐宗舜
升腾的海水,淘宝_哆咪哩
升腾的海水,淘宝服装鞋包商盟
升腾的海水,天吃星_i小能
升腾的海水,天蓝年代
升腾的海水,天狼1748
升腾的海水,天山宝宝
升腾的海水,天使爱洋妞
升腾的海水,天涯芳草888
升腾的海水,天一芬
升腾的海水,天一生水96
升腾的海水,天缘剧本
升腾的海水,田鼠小六儿
升腾的海水,调皮的橡皮
升腾的海水,贴沙听雨
升腾的海水,听时间的话么
升腾的海水,婷婷欲眠
升腾的海水,痛刻骨铭心
升腾的海水,透过枝叶的阳光
升腾的海水,透着玻璃看窗外
升腾的海水,兔兔的小窝窝
升腾的海水,哇哇酷
升腾的海水,瓦灰霸王龙
升腾的海水,王高圣
升腾的海水,王静泓
升腾的海水,王凯-临汾之星
升腾的海水,王妈闲说
升腾的海水,王一丑
升腾的海水,王易见
升腾的海水,王者微小
升腾的海水,王重一
升腾的海水,网络牛人秀
升腾的海水,微博读者杯
升腾的海水,微博新闻
升腾的海水,微博娱乐报
升腾的海水,微微女
升腾的海水,微笑大使-王驰
升腾的海水,微笑天使韩瑞英
升腾的海水,微雨思文
升腾的海水,魏柏林的博客
升腾的海水,温馨DE阳光
升腾的海水,文刀刘V
升腾的海水,文静的女人
升腾的海水,雯姐丶f福
升腾的海水,我还是我A_A
升腾的海水,我很有料
升腾的海水,我们的海纳情怀
升腾的海水,我乃阿不
升腾的海水,我是一枚小河蟹
升腾的海水,我只是自私一下
升腾的海水,沃土寒士
升腾的海水,卧看黄庭
升腾的海水,握手是朋友22
升腾的海水,乌蒙杨二
升腾的海水,巫小花
升腾的海水,无规则游戏3239
升腾的海水,无锡李小龙
升腾的海水,吾一闲云
升腾的海水,五脊六兽6868
升腾的海水,五月安生
升腾的海水,五月飞
升腾的海水,伍呆呆
升腾的海水,悟能戒
升腾的海水,夕醉峰
升腾的海水,西风紧黄花地
升腾的海水,西行陌路
升腾的海水,溪帆
升腾的海水,细凌
升腾的海水,霞霞蛋
升腾的海水,夏潇雨芸
升腾的海水,闲云悠悠--che2010
升腾的海水,闲置心园
升腾的海水,岘山石雀
升腾的海水,乡缘
升腾的海水,逍遥幻之影
升腾的海水,逍遥林47
升腾的海水,萧邦一瘦瘦
升腾的海水,潇雨纯蓝
升腾的海水,小卟咚
升腾的海水,小草1号
升腾的海水,小皓子Joe
升腾的海水,小说家夏汉志
升腾的海水,小新TA哥
升腾的海水,小妖Ammy
升腾的海水,小叶紫昙
升腾的海水,小易正在说
升腾的海水,晓彤2010
升腾的海水,笑嫣如玉
升腾的海水,谢文婷-临汾之星
升腾的海水,心里的那些话儿
升腾的海水,心理咨询师-李
升腾的海水,心灵首富
升腾的海水,心灵相约xlxy
升腾的海水,心内科小卒
升腾的海水,心若R飞翔
升腾的海水,芯熙游游
升腾的海水,新吖
升腾的海水,新荷一片
升腾的海水,新霹雳侠
升腾的海水,新时代最女人
升腾的海水,星丫ing
升腾的海水,星夜无痕8252
升腾的海水,熊桂琼
升腾的海水,虚静以恬愉
升腾的海水,许愿星星幸福
升腾的海水,靴猫
升腾的海水,雪飘进故事
升腾的海水,寻寻开心
升腾的海水,烟雨晨露
升腾的海水,言成
升腾的海水,言射_人圭_曰辰
升腾的海水,颜墨J
升腾的海水,艳---阳高照
升腾的海水,阳光绿色2010
升腾的海水,阳光校园追星梦
升腾的海水,杨先碧
升腾的海水,尧乡的兵子
升腾的海水,姚理文
升腾的海水,夜的白_
升腾的海水,一个ren旅行
升腾的海水,一行雁
升腾的海水,一线天心
升腾的海水,一之米阳光
升腾的海水,依白Pauline
升腾的海水,依白Ruby
升腾的海水,依秋Ali
升腾的海水,壹切兜得
升腾的海水,仪偌
升腾的海水,怡殇寒韵
升腾的海水,怡廷宝贝
升腾的海水,义乌泰达玻璃商行
升腾的海水,艺术辑要
升腾的海水,忆陌南
升腾的海水,异域风情826
升腾的海水,易东篱
升腾的海水,奕[
升腾的海水,音乐学人
升腾的海水,银谷子
升腾的海水,银河飞星
升腾的海水,尹萱花园
升腾的海水,罂粟花瓣
升腾的海水,迎风的翅膀--
升腾的海水,哟M-m张娟
升腾的海水,优昙钵华
升腾的海水,幽默搞笑大王
升腾的海水,游走梦想边缘
升腾的海水,又见白羽
升腾的海水,鱼AiMili
升腾的海水,鱼水卿深
升腾的海水,鱼跃龙门Y888
升腾的海水,俞艳杰
升腾的海水,虞毓卿
升腾的海水,愚巷
升腾的海水,与菊结缘
升腾的海水,予独爱莲66
升腾的海水,雨风飞扬
升腾的海水,雨雾冰霜
升腾的海水,禹晓v愚晓
升腾的海水,欲不死微博
升腾的海水,原记狐
升腾的海水,原淼牧T
升腾的海水,圆圆_笨蛋
升腾的海水,远山沉默
升腾的海水,月光妹
升腾的海水,月皎星寒
升腾的海水,岳金龙
升腾的海水,云生似梦
升腾的海水,云外云里云卷云舒
升腾的海水,云中孤竹
升腾的海水,运笔刀歌
升腾的海水,杂谈五味
升腾的海水,宅夜千
升腾的海水,站桩
升腾的海水,张成
升腾的海水,张红旗
升腾的海水,张敏LEO
升腾的海水,张晓经
升腾的海水,章鱼儿
升腾的海水,长治一老秦
升腾的海水,仗剑网络
升腾的海水,哲夫
升腾的海水,这次狠了
升腾的海水,浙青传媒尧爸
升腾的海水,珍珠煮花生
升腾的海水,真金无畏
升腾的海水,真情随笔V
升腾的海水,真是书生
升腾的海水,正版无字仓颉
升腾的海水,正常人干不出这种事儿来
升腾的海水,知心你我2003
升腾的海水,知足为足
升腾的海水,智趣幽默王
升腾的海水,中华诗词网校
升腾的海水,众一时尚
升腾的海水,周-jessica
升腾的海水,周勃织薄
升腾的海水,朱华伟_临汾之星
升腾的海水,竹love头
升腾的海水,竹语静墨
升腾的海水,烛光-然然
升腾的海水,D身目
升腾的海水,资深观众VIP1966
升腾的海水,子在圳上曰
升腾的海水,宗利华
升腾的海水,总想突破自己的老男人
升腾的海水,醉失忆
水晶镜子,1980陈虹
水晶镜子,1彬BinBin彬1
水晶镜子,clyze83
水晶镜子,Gmoo
水晶镜子,HGCheng
水晶镜子,jackelyoung
水晶镜子,JIMMY-姜
水晶镜子,July_wrong
水晶镜子,just__wait
水晶镜子,King王
水晶镜子,lisasongtingting
水晶镜子,Mark同鞋
水晶镜子,natalie兰
水晶镜子,Niyagirl
水晶镜子,ooof
水晶镜子,paparay趴趴睿
水晶镜子,Peter张--六道轮回
水晶镜子,pinmm
水晶镜子,sweetlion
水晶镜子,T-穷显摆
水晶镜子,vicky小水
水晶镜子,wuzhiwo
水晶镜子,xiejian0502
水晶镜子,youyounvyang
水晶镜子,Yucky奇
水晶镜子,阿丫团临汾站
水晶镜子,安静贝鲁
水晶镜子,白羊沐目了
水晶镜子,白羽毛在风中
水晶镜子,败家败不girl
水晶镜子,北京耀辉印刷有限公司李喜彪
水晶镜子,贝婧
水晶镜子,冰燕飞狐
水晶镜子,蔡小豆丶
水晶镜子,曹-某-某
水晶镜子,曾哥围脖
水晶镜子,陈敢
水晶镜子,陈志鹏VIP
水晶镜子,城镇记忆
水晶镜子,传说中的黑狐
水晶镜子,达子2677658845
水晶镜子,大春子
水晶镜子,大马猴的小姐姐很累
水晶镜子,大雁高飞了
水晶镜子,戴南海棠
水晶镜子,淡而又淡的名贵
水晶镜子,蛋蛋--1213
水晶镜子,道法本来的人
水晶镜子,Ho
水晶镜子,第十二城
水晶镜子,儿扇麽
水晶镜子,方琛
水晶镜子,芳菲小猪919
水晶镜子,冯淇
水晶镜子,管理标杆案例
水晶镜子,哈喽人龙
水晶镜子,害虫55
水晶镜子,晗阳
水晶镜子,洪涛农夫
水晶镜子,胡泳
水晶镜子,互联网下载
水晶镜子,黄锦菲
水晶镜子,灰色毛衣426
水晶镜子,吉姆冯
水晶镜子,季末阳光
水晶镜子,渐淡亦魅
水晶镜子,姜豆兜
水晶镜子,街上的繁华
水晶镜子,解军
水晶镜子,锦瑟在旮旯
水晶镜子,巨蟹座阿卉
水晶镜子,拒绝咖啡angel
水晶镜子,拉手网-傻子炜宝
水晶镜子,朗润门下红
水晶镜子,老艾观察
水晶镜子,老高
水晶镜子,老牛恨刀
水晶镜子,老薛将
水晶镜子,李大辉辉
水晶镜子,李丹_925
水晶镜子,李贵民
水晶镜子,李骞IQ
水晶镜子,李俊牛
水晶镜子,李明瑜
水晶镜子,立秋的雅
水晶镜子,两只眼的距离
水晶镜子,临汾京铁国际旅行社88
水晶镜子,临汾-露胖
水晶镜子,临汾水良白
水晶镜子,临汾团
水晶镜子,刘刘刘高兴
水晶镜子,吕尤
水晶镜子,马小琳-美米一
水晶镜子,毛毛板栗子
水晶镜子,媒体人燕秉利
水晶镜子,每天最给力团购精选
水晶镜子,美美的微薄
水晶镜子,美团李楠
水晶镜子,美团临汾
水晶镜子,美团萍乡粉丝群
水晶镜子,美团沈阳张晓雷
水晶镜子,美团石家庄粉群
水晶镜子,美团王剑
水晶镜子,美团网高鑫
水晶镜子,美团网沈鹏
水晶镜子,美团网-万立晓
水晶镜子,美团网小镜
水晶镜子,美团西安
水晶镜子,美团薛冰
水晶镜子,迷你奥利奥yeah
水晶镜子,淼张
水晶镜子,敏感的胖子
水晶镜子,莫莉_
水晶镜子,牧笛悠扬246
水晶镜子,你丫牛逼
水晶镜子,潘胤
水晶镜子,胖胖滴爱美妞
水晶镜子,培垠
水晶镜子,疲倦d双眼
水晶镜子,牵牛续锦
水晶镜子,乔晓会
水晶镜子,人龙0711
水晶镜子,人生若只如初见-V
水晶镜子,任立殿
水晶镜子,如毅吉祥
水晶镜子,舌尖上的日照
水晶镜子,深水橙子
水晶镜子,神力2011
水晶镜子,神马靠谱
水晶镜子,神隐1985
水晶镜子,生命不能承受如此之情
水晶镜子,施鹏
水晶镜子,水木尔雅
水晶镜子,苏__筱雅
水晶镜子,唐建岭
水晶镜子,天一竹
水晶镜子,兔纸娘
水晶镜子,玩苍井空的微博
水晶镜子,王克涛V
水晶镜子,王巍www
水晶镜子,王曦曼Mona
水晶镜子,王正鹏V
水晶镜子,卫彤华
水晶镜子,味道大侠
水晶镜子,我是李无聊
水晶镜子,吾实事求是
水晶镜子,伍乐wule
水晶镜子,西贝小安
水晶镜子,西瓜__西瓜
水晶镜子,夏小喵
水晶镜子,鲜花村村民
水晶镜子,小f孟孟
水晶镜子,小胖锐哲
水晶镜子,小田田不赖妮
水晶镜子,小无为嘎嘎
水晶镜子,小银幕
水晶镜子,小鱼bd9
水晶镜子,晓杰JXJ
水晶镜子,星野Extremely
水晶镜子,徐雅玲eva
水晶镜子,芽芽喜欢你
水晶镜子,言若2012
水晶镜子,妍毛毛
水晶镜子,妍毛毛1013
水晶镜子,杨播
水晶镜子,杨姗
水晶镜子,洋葱妹
水晶镜子,一德w
水晶镜子,一颗被风吹倒的小草
水晶镜子,--一切简单--
水晶镜子,一条胖鱼儿
水晶镜子,依伊伊甸园
水晶镜子,意犹未尽001
水晶镜子,翼城刘孔英
水晶镜子,有知识没文化的小青年
水晶镜子,N小乖-o-
水晶镜子,在这温暖一刻
水晶镜子,咱家老爷们儿
水晶镜子,中国经济周刊路永庆
水晶镜子,周志远V
水晶镜子,装逼二青年
水晶镜子,自由刘浩杰
太原申波,__zZ__zZ
太原申波,001偶然
太原申波,2011老米
太原申波,3G体验弟
太原申波,78随缘
太原申波,AGuycyh
太原申波,BOBO王波
太原申波,Havealook12
太原申波,HM简单的幸福
太原申波,house127
太原申波,huangtc0089
太原申波,Jessie_Missyang
太原申波,jessionlee
太原申波,Lfyzt
太原申波,lh1983
太原申波,lienhui
太原申波,Luzemin0101
太原申波,mickor
太原申波,Morning_sunny
太原申波,m宛若清扬m
太原申波,PTIC程林
太原申波,Sxcxy
太原申波,SXHMQY
太原申波,TT55GG
太原申波,TY张吉
太原申波,UC优视
太原申波,Unisk联通时科
太原申波,UNI牛
太原申波,wo_织围脖
太原申波,XF飘
太原申波,YQ春夏秋冬
太原申波,YQ踏雪寻梅
太原申波,zzzigzag
太原申波,阿辉186
太原申波,爱国小灵通
太原申波,安泽联通-沃3G
太原申波,芭蕾指尖
太原申波,白的墨
太原申波,百家论谈
太原申波,别跟自己拧巴
太原申波,冰魄_卢晓凤
太原申波,不要总看我
太原申波,采菊南山下007
太原申波,蔡烨的微博
太原申波,草原归来的人
太原申波,曾昌贵
太原申波,禅楠君
太原申波,陈嘉荣V博
太原申波,陈强微博
太原申波,陈甜甜vivian
太原申波,宠辱不惊惟道是从
太原申波,船长helm
太原申波,春风春意
太原申波,春天的小草h
太原申波,大海V博
太原申波,淡淡琴香
太原申波,淡欲定而心不止
太原申波,帝尧宫
太原申波,丁冰青
太原申波,丁村文化
太原申波,冬悸看海
太原申波,冬日里的瓶瓶
太原申波,冬韵春雨
太原申波,斗牛士318
太原申波,放飞的鸽子1234567890
太原申波,放飞心情2274
太原申波,放眼宇宙
太原申波,飞象网陈翔
太原申波,汾西郭文
太原申波,汾西郭新华
太原申波,汾西联通平凡的我
太原申波,峰乔志博
太原申波,弗赖堡队
太原申波,付亮的竞争情报应用
太原申波,孤旅骄客
太原申波,关艳锦
太原申波,郭晓芳的小灿烂
太原申波,果栋布丁
太原申波,哈雷76
太原申波,海红妹
太原申波,海阔天空ch
太原申波,海水醍醐
太原申波,海涛shao
太原申波,酣逗
太原申波,函元
太原申波,和谐痴呆
太原申波,河曲联通
太原申波,荷塘月色c
太原申波,贺新的微博
太原申波,侯马陈磊
太原申波,侯马陈玲
太原申波,侯马老周
太原申波,侯马鲁娟
太原申波,侯马沃爱生活
太原申波,侯马严涌
太原申波,侯马郑冬云
太原申波,侯晓琦618
太原申波,互联网红
太原申波,黄景钰
太原申波,黄山老大
太原申波,黄土高坡的土老帽
太原申波,会拼定会赢
太原申波,纪金
太原申波,家有帅小兵
太原申波,建安隽侠是张子房的NC粉
太原申波,江湖雄哥
太原申波,江南东方_跨界
太原申波,江西猪猪大侠
太原申波,今天你3G了吗
太原申波,晋城联通邵华
太原申波,晋观联通
太原申波,晋中娟子
太原申波,精彩沃派
太原申波,精气神马
太原申波,境界无边
太原申波,君子良言
太原申波,开眼视点
太原申波,凯雯09140405
太原申波,快乐169
太原申波,快乐王子ye
太原申波,宽带报装
太原申波,老__明
太原申波,老阿宁
太原申波,老丁山西
太原申波,老酒飘香
太原申波,老雷也时尚
太原申波,老仉
太原申波,雷敏Y
太原申波,雷以锋
太原申波,李名辉的微博
太原申波,李小毛_Emily
太原申波,李艺山西
太原申波,励志人生心语
太原申波,联通ZJM老温
太原申波,联通董杰
太原申波,联通韩辉
太原申波,联通贾惠明
太原申波,联通梦幻
太原申波,联通彭波
太原申波,联通人2010
太原申波,联通王峰
太原申波,联通文聪
太原申波,联通张静杰
太原申波,联通周丰伟
太原申波,梁勇111
太原申波,两根胡
太原申波,临汾东方红
太原申波,临汾高洁
太原申波,临汾韩红兵
太原申波,临汾老牛
太原申波,临汾联花
太原申波,临汾联通
太原申波,临汾联通王金龙
太原申波,临汾联通张剑
太原申波,临汾联通赵效强
太原申波,临汾流星
太原申波,临汾穆帆
太原申波,临汾生活小编
太原申波,临汾小孔
太原申波,临汾小妹
太原申波,蔺磊-张妙阳配音网
太原申波,刘登梅
太原申波,刘杰克说品牌营销策划与网络营销
太原申波,刘嵘辉
太原申波,鹿泉沃3G玩家俱乐部-苏红艳
太原申波,路伟波
太原申波,落花生_hz
太原申波,萌_悟雪
太原申波,孟繁梵
太原申波,民间笑话集
太原申波,木子枫
太原申波,沐日浴月83
太原申波,穆占国
太原申波,那缕缕阳光
太原申波,娜果冻儿
太原申波,南博晓JACKE
太原申波,宁静的繁荣
太原申波,宁静致远勤能补拙
太原申波,偶是苦逼运营商
太原申波,裴润斌
太原申波,彭松超
太原申波,皮少爷V博
太原申波,飘忽不定123
太原申波,葡萄酒小子
太原申波,契阔谈_
太原申波,潜伏0216
太原申波,邱岳首
太原申波,秋水伊人的悠然
太原申波,全球时尚精选
太原申波,融汇时节
太原申波,芮城杨耀辉
太原申波,三毛流浪在沙漠
太原申波,傻傻的愚翁
太原申波,山人大卫
太原申波,山西共青团
太原申波,山西兰草
太原申波,山西李廷
太原申波,山西李旭峰
太原申波,山西临汾七少爷
太原申波,山西临汾张红胜
太原申波,山西卢斌
太原申波,山西腾飞
太原申波,山西王晋光
太原申波,山西移动
太原申波,陕西雪野
太原申波,申江婴
太原申波,盛鸿彬
太原申波,盛夏618
太原申波,时尚太原
太原申波,试博卡布奇诺2009
太原申波,手机应用
太原申波,手镯儿
太原申波,水边起舞的蝴蝶0
太原申波,朔州杨成华
太原申波,斯臻海
太原申波,孙兵-同心动力
太原申波,孙巍业绩咨询
太原申波,塔额沃野
太原申波,太雪白
太原申波,太原联通官方微博
太原申波,唐旭-北京
太原申波,体验营销传教士
太原申波,天道酬勤XCHMom
太原申波,甜蜜生活平平安安
太原申波,通信内参
太原申波,d夜深沉d
太原申波,王福寿_q9k
太原申波,王汝民2011
太原申波,网通屁屁
太原申波,网优舞动人生
太原申波,文武8889
太原申波,文竹186
太原申波,我吃粽子-赵明hw
太原申波,沃3G修峰
太原申波,沃的芳年华月
太原申波,沃家大厨
太原申波,沃-看蝶之舞
太原申波,沃天秤
太原申波,沃在朔州
太原申波,无为无边
太原申波,物流达人给力34
太原申波,闲人老肥
太原申波,小任旭
太原申波,谢永金
太原申波,心境之-花
太原申波,心若冰清-善缘-梦缘
太原申波,心语663
太原申波,忻州联通亮
太原申波,幸运花儿舞
太原申波,徐瑞华六
太原申波,许春Lamada
太原申波,雪山罂粟
太原申波,颜晓滨
太原申波,阳泉毕慕萍
太原申波,阳泉李泽渊
太原申波,阳泉联通戎延明
太原申波,阳泉联通王晓军
太原申波,阳泉联通朱永艳
太原申波,阳泉雅萍
太原申波,杨仲青yzq
太原申波,漾泉之水
太原申波,尧通
太原申波,野草志
太原申波,夜雨飘WO
太原申波,一-路-同-行
太原申波,移动谢夏生
太原申波,翼城刘孔英
太原申波,翼城小孔
太原申波,英姿飒爽秋之韵
太原申波,幽默8段子
太原申波,游剑江湖人不老
太原申波,渔夫9999
太原申波,瑜音绕凉
太原申波,榆林联通余建平
太原申波,远大秦素良
太原申波,月亮萧萧的空间
太原申波,月圆在丽江
太原申波,云帆沧海Z
太原申波,云刚的博窝
太原申波,云中山天龙
太原申波,运城赵立勤
太原申波,运营商曝料
太原申波,再看完美的人
太原申波,在太行山上
太原申波,张保英
太原申波,张天声
太原申波,张小媛zxy
太原申波,长风万里翔
太原申波,长通赵大雅
太原申波,长影随风
太原申波,长治联通毛毛
太原申波,找彪哥
太原申波,赵海峰微博客
太原申波,赵寅的微博
太原申波,郑大力内蒙古联通
太原申波,中国联通cnyp
太原申波,中国马华
太原申波,中国通信业
太原申波,中文幽默王
太原申波,重要新闻天天发
太原申波,朱士行大师
太原申波,珠圆玉润YR
太原申波,株洲联通陈毅勇
太原申波,竹下闻雨
吾实事求是,_____Rex
吾实事求是,_Ring青_
吾实事求是,_万里无云
吾实事求是,_王鑫
吾实事求是,_香草怃R
吾实事求是,0_佐佐木_0
吾实事求是,1250359485_ad2310
吾实事求是,2011环球旅游小姐
吾实事求是,99元自助建站5
吾实事求是,Amethyst-笑语嫣然
吾实事求是,Andrew凹凸慢慢
吾实事求是,Aninve
吾实事求是,asdfgh12345
吾实事求是,BOE低碳电视
吾实事求是,bShare
吾实事求是,captainusopp
吾实事求是,cherry--xy
吾实事求是,City_Catcher晨
吾实事求是,Divox
吾实事求是,dongbinghu
吾实事求是,game008
吾实事求是,GAYOOOO
吾实事求是,HLisasa
吾实事求是,Hover邓
吾实事求是,iceeyes_earth
吾实事求是,ilaodao老屈
吾实事求是,Jaricho求妈妈身体健康
吾实事求是,JKK11
吾实事求是,kevinkexb
吾实事求是,kylelau
吾实事求是,Leolee821
吾实事求是,LIN的闲适生活
吾实事求是,livme
吾实事求是,LOVE嘻哈宏宇
吾实事求是,mdjxiaomao
吾实事求是,Miss然小然
吾实事求是,miyanmei
吾实事求是,ooof
吾实事求是,O北堂冰儿O
吾实事求是,panda1569
吾实事求是,poy_小疯子
吾实事求是,PuebloBendito
吾实事求是,puma1985
吾实事求是,seelev
吾实事求是,spider-man-zz
吾实事求是,termi_nator
吾实事求是,Thinkpad赵海燕
吾实事求是,tianlanfu
吾实事求是,uyjru快乐就好
吾实事求是,V6推推
吾实事求是,vip自助建站1
吾实事求是,web编程交流
吾实事求是,winki_baby
吾实事求是,wjy34688
吾实事求是,Yang庆明
吾实事求是,YAYA-800
吾实事求是,yihongshi
吾实事求是,yummy杨洋
吾实事求是,Y丶她不煽情-
吾实事求是,阿阿阿阿阿梦丶
吾实事求是,阿凡驴的博
吾实事求是,阿圭宝贝
吾实事求是,阿慷的微博
吾实事求是,阿牛亭
吾实事求是,阿丫团临汾站
吾实事求是,哎-尤
吾实事求是,爱的阶梯网
吾实事求是,爱你没来得及商量
吾实事求是,爱您-想怎么样
吾实事求是,爱淘影
吾实事求是,安卓world
吾实事求是,俺是老矿工
吾实事求是,敖鲁古雅微博148
吾实事求是,芭比果果泰国试管婴儿好孕
吾实事求是,白狐娜
吾实事求是,百度百科那点事_zjm
吾实事求是,百丈老赵
吾实事求是,捭阖W纵横
吾实事求是,半缘君的竹舍
吾实事求是,包东东不想变成胖纸
吾实事求是,包头王文广
吾实事求是,北部湾之声
吾实事求是,北京优购物网站微博
吾实事求是,备忘录RudY
吾实事求是,奔蓝
吾实事求是,彼岸之南
吾实事求是,笔记本专区
吾实事求是,滨海一网民
吾实事求是,冰如水2011
吾实事求是,博容妮妮
吾实事求是,不知道的秘密日记
吾实事求是,擦头
吾实事求是,财富圈-王丹阳
吾实事求是,曹培植盼民主
吾实事求是,曾经的巴黎回忆
吾实事求是,唱着小歌儿的熊宝
吾实事求是,陈博士
吾实事求是,晨起有布衣
吾实事求是,城市美食
吾实事求是,春秋书生
吾实事求是,春天星空
吾实事求是,大骨大
吾实事求是,大唐生活网
吾实事求是,大甜甜618
吾实事求是,大学生热唛音乐节
吾实事求是,卩s神韵丨小灰灰
吾实事求是,当时我真急了
吾实事求是,谠建网
吾实事求是,刀客2040
吾实事求是,到天宇
吾实事求是,道法本来的人
吾实事求是,稻草人一一军庆
吾实事求是,滴血的泪_f8w
吾实事求是,狄多华
吾实事求是,地理---小河流水
吾实事求是,丁香凝结的雨巷
吾实事求是,丁志飞
吾实事求是,H
吾实事求是,董骥
吾实事求是,斗破青淋姐姐
吾实事求是,斗破小医仙
吾实事求是,痘不乐的依可妮
吾实事求是,杜明
吾实事求是,段云2010
吾实事求是,发疯男人
吾实事求是,费价格
吾实事求是,疯狂啊草根
吾实事求是,冯江迪
吾实事求是,浮名何济
吾实事求是,哥很流氓
吾实事求是,庚你杠上
吾实事求是,公义正义仗义
吾实事求是,股票分析师2011
吾实事求是,固执的妖
吾实事求是,乖乖徐皓轩
吾实事求是,怪人LUO
吾实事求是,怪阿Man
吾实事求是,关in印
吾实事求是,广东松山职业技术学院
吾实事求是,国际警草
吾实事求是,国美库巴购物网
吾实事求是,海心_77
吾实事求是,海洋大叔
吾实事求是,海子边网秒团
吾实事求是,含笑半步颠的小屋
吾实事求是,和平旋律
吾实事求是,黑龙白脸
吾实事求是,黑袍护法
吾实事求是,弘寒雾
吾实事求是,红色曙光小屋
吾实事求是,洪洞李芳
吾实事求是,花都新力蓄电池门市部
吾实事求是,花一开满就相爱Y
吾实事求是,华声在线常德平台
吾实事求是,华师经管09管三
吾实事求是,欢乐ck002
吾实事求是,荒漠苍龙
吾实事求是,黄河新三角
吾实事求是,黄维微博
吾实事求是,晖苔
吾实事求是,回应他乡
吾实事求是,会微笑的葵花籽
吾实事求是,火箭forever
吾实事求是,激进中间派
吾实事求是,记忆未定格
吾实事求是,寄托着未来和希望
吾实事求是,-寂寞的心-
吾实事求是,加鲁比
吾实事求是,嘉定公安
吾实事求是,嘉陵江上客
吾实事求是,贾-尉-Chiavei
吾实事求是,建军伟业
吾实事求是,江湖一贫僧
吾实事求是,蒋冰的地盘
吾实事求是,杰丽淑服饰有限公司
吾实事求是,洁丽雅专卖店
吾实事求是,戒烟戒色
吾实事求是,锦色海岸线
吾实事求是,经典语录爱情物语
吾实事求是,警在心中
吾实事求是,开心的欣仔2011
吾实事求是,开心橡树
吾实事求是,开心晓强
吾实事求是,看电影记台词
吾实事求是,恐怖电影精选
吾实事求是,快乐的房地产律师
吾实事求是,快乐的李张辉
吾实事求是,快乐随杰行
吾实事求是,昆山市公安局经文保科
吾实事求是,拉手网wds
吾实事求是,兰陀居士
吾实事求是,蓝舞飞扬
吾实事求是,浪漫n花少
吾实事求是,老崔说事儿
吾实事求是,老戴服务站007
吾实事求是,老飞哥2012
吾实事求是,老虎5993
吾实事求是,老炭翁
吾实事求是,老顽童jueminabcdef
吾实事求是,雷霆万钧2326
吾实事求是,冷月汀
吾实事求是,李静lalala
吾实事求是,李李的童话世界
吾实事求是,栗子的围脖儿
吾实事求是,联通营销
吾实事求是,两制
吾实事求是,猎聘财务
吾实事求是,临汾10010
吾实事求是,临汾京铁国际旅行社88
吾实事求是,临汾人保直属营销部
吾实事求是,临汾生活小编
吾实事求是,临汾手机
吾实事求是,临汾水良白
吾实事求是,临汾团
吾实事求是,临汾中国旅行社
吾实事求是,另类的左邻
吾实事求是,刘善良-武汉
吾实事求是,流浪女娃娃
吾实事求是,流云的回忆572
吾实事求是,柳州广告
吾实事求是,芦顶山人
吾实事求是,路见不平100
吾实事求是,路见不平一声吼哎嗨呦
吾实事求是,罗律嗦
吾实事求是,绿处方
吾实事求是,麻辣虾
吾实事求是,馒头Michael
吾实事求是,曼珠VV沙华
吾实事求是,没文化啥都不怕
吾实事求是,媒体人燕秉利
吾实事求是,每日经典围脖
吾实事求是,每日一读-
吾实事求是,美国的雨点
吾实事求是,美立方三丰
吾实事求是,美容健康护肤
吾实事求是,魅力达人oO0
吾实事求是,铭萱爸爸
吾实事求是,母爱力量
吾实事求是,木子李-苦逼de小职员
吾实事求是,男版凤姐
吾实事求是,南京seofans
吾实事求是,南京市公安局浦口分局
吾实事求是,难得糊涂哥SH
吾实事求是,内观自在
吾实事求是,你的北极星
吾实事求是,腻歪死你
吾实事求是,年前我就爱你
吾实事求是,牛虻的世界
吾实事求是,女人升级后
吾实事求是,怕热的寒冰河
吾实事求是,牌技帝国-十二
吾实事求是,潘代珊
吾实事求是,潘世超的微博
吾实事求是,螃蟹围脖
吾实事求是,平安嘉兴铁路
吾实事求是,朴@白
吾实事求是,期货创富
吾实事求是,祁巍晶
吾实事求是,企业文化研究
吾实事求是,汽车专区
吾实事求是,钱慧慧围脖
吾实事求是,秦炅
吾实事求是,琴瑟相思
吾实事求是,勤奋的公正何在
吾实事求是,勤快的呼叫
吾实事求是,沁若梦菡
吾实事求是,青涩的螃蟹
吾实事求是,轻松小熊RILAKKUMAV
吾实事求是,晴恋边边
吾实事求是,全球最热点
吾实事求是,热卖宝贝
吾实事求是,热情的真爱005
吾实事求是,人称吴大帅
吾实事求是,瑞海经理---谢森鑫
吾实事求是,弱势维权
吾实事求是,三民蛤蟆
吾实事求是,散淡男人
吾实事求是,山姆士网超
吾实事求是,山西临汾尧都彬彬
吾实事求是,珊贝
吾实事求是,伤残痛苦
吾实事求是,上善若水one
吾实事求是,尚容旗舰店
吾实事求是,佘太和
吾实事求是,社会吧
吾实事求是,深圳的青鸟
吾实事求是,神棍家利掠
吾实事求是,石器之王
吾实事求是,食品百科视界
吾实事求是,手机专区
吾实事求是,淑女有内涵
吾实事求是,水晶镜子
吾实事求是,四木公子在东莞
吾实事求是,孙继国律师
吾实事求是,太原电影票网
吾实事求是,太原团购网tttty
吾实事求是,太原无限极专卖店
吾实事求是,太原中冀斯巴鲁
吾实事求是,坦遭甚
吾实事求是,淘宝经典语录
吾实事求是,淘宝人气榜
吾实事求是,挺天地黄
吾实事求是,同春阁山西
吾实事求是,头狼秦振平
吾实事求是,万静happy
吾实事求是,王鑫昕
吾实事求是,王yaowang
吾实事求是,网间新闻
吾实事求是,网友打贪舞台
吾实事求是,微博改变中国
吾实事求是,微微风流
吾实事求是,伟鹏铁棍山药
吾实事求是,未来的淡定帝
吾实事求是,翁国新-Aigsen
吾实事求是,我是66先生
吾实事求是,我是Mango控-小米
吾实事求是,我闲庭信步
吾实事求是,乌独
吾实事求是,巫仔哇哇
吾实事求是,吴连云
吾实事求是,舞步星空
吾实事求是,夕为伊人憔悴丶
吾实事求是,西门傲雪wq
吾实事求是,西山闲云
吾实事求是,下过乡的人
吾实事求是,夏尔_戴高乐
吾实事求是,夏梅心语
吾实事求是,夏天的DJ
吾实事求是,相声演员王光明
吾实事求是,向日葵Yanny
吾实事求是,肖莉生活
吾实事求是,小兵UP
吾实事求是,小飞侠9688
吾实事求是,小咪的微博世界
吾实事求是,小小坚哥哥
吾实事求是,笑才开心v
吾实事求是,新版犀利哥
吾实事求是,新光饰品官方微博
吾实事求是,新景祥杂志
吾实事求是,新闻记者
吾实事求是,星夜的眼睛
吾实事求是,性趣调查
吾实事求是,徐伟杰策划
吾实事求是,旋转木马FeeL
吾实事求是,学术出版
吾实事求是,讯敏科技
吾实事求是,淹死的鱼0516
吾实事求是,嫣然名包
吾实事求是,颜丙杰律师
吾实事求是,燕西玲
吾实事求是,杨开亮
吾实事求是,杨棋涵粉丝团
吾实事求是,杨X峰
吾实事求是,杨秀峰-长春
吾实事求是,杨一9481
吾实事求是,洋妈的美好生活
吾实事求是,畛课_leo
吾实事求是,要努力噶李恒
吾实事求是,一次生活体验
吾实事求是,一刀时评
吾实事求是,一个二比
吾实事求是,一切依f
吾实事求是,一生之金
吾实事求是,医生的浮夸
吾实事求是,宜人之州V
吾实事求是,蚁家隆_9qu
吾实事求是,抑止呼吸
吾实事求是,易阑寻雪
吾实事求是,逸w
吾实事求是,翼米阳光80th
吾实事求是,勇者无敌2012
吾实事求是,优忧围脖
吾实事求是,悠姬_2戴
吾实事求是,悠山行路
吾实事求是,有余就好啊
吾实事求是,余政委
吾实事求是,原来没名字
吾实事求是,缘之有李
吾实事求是,杂学专家
吾实事求是,站长的那些事儿
吾实事求是,张仁1
吾实事求是,长沙东方红
吾实事求是,这里神马都给力
吾实事求是,珍珠眼泪
吾实事求是,真爱小麻豆
吾实事求是,郑挺颖-
吾实事求是,郑州德艺茗茶
吾实事求是,只做你的唯一2012
吾实事求是,职教人刘景忠
吾实事求是,智森
吾实事求是,中国商务订房网
吾实事求是,中国新闻视线网记者
吾实事求是,中国之声白宇
吾实事求是,中华祖祠族谱博览园
吾实事求是,终参天的小种子
吾实事求是,终端网购服务门户--微互网
吾实事求是,钟离常生
吾实事求是,周蓬安
吾实事求是,专业幼教养成教育
吾实事求是,自曲日报
吾实事求是,最爱梧桐雨
吾实事求是,最时尚美丽梦工场
吾实事求是,佐手画心2010
